,COUNTY,cancellation_rate_z,resPenetrationRate_z,active_premium_per_policy_log_z,new_premium_per_policy_log_z,canceled_premium_per_policy_log_z,expired_premium_per_policy_log_z
0,ALAMANCE,0.8454486576783001,-0.41585279609303955,0.060999877439417205,0.1429316960613648,0.333843352069878,0.024205475931219182
1,ALEXANDER,1.0283895519198973,-0.47679578512879006,-0.2672986554217432,0.15654213113415114,-3.5742911459662703,-0.5105884859832287
2,ALLEGHANY,-1.7406930706218136,-0.4601749699372218,-0.49813581735507406,-0.3516426663365804,-3.5742911459662703,-0.5911640179850812
3,ANSON,-2.585293434795756,-0.4809509889266821,-1.056896057874036,-1.2710386913190301,-3.5742911459662703,-0.8699434180257896
4,ASHE,0.03587501369284013,-0.33551885600045933,0.8667335491503277,1.0682872008574535,0.711819945310929,0.45607113230708907
5,AVERY,1.2224768890455873,-0.25795505177314043,0.35664231252419565,0.5195789793363514,0.4869262324650817,0.2693253705498393
6,BEAUFORT,-0.1470544615855838,1.423517418440522,-0.8200024451171256,-1.0238435409260933,0.23695012273372248,-0.6431076575701388
7,BERTIE,-1.220032174732578,-0.36045007878781177,-0.5401062572289017,-0.976812215810399,0.15273383056896728,-0.22999193969213502
8,BLADEN,-0.93339464031848,-0.3590650108551811,-0.12803652366663829,-0.48908644591298106,0.3083615152801987,0.1399040460243663
9,BRUNSWICK,0.032449406438027524,2.5343419004103382,-0.2991349591373972,-0.41343894555042493,0.2818452852002133,-0.20088055645323263
10,BUNCOMBE,0.8038399755873031,-0.34936953532676623,0.3640961740250638,0.3774278700180366,0.25642022782562557,0.3802487342034793
11,BURKE,0.7448619103855271,-0.44355415474565346,0.44185319472974216,0.9430958362533937,0.22415991627718784,0.11434161272914993
12,CABARRUS,-0.5997086266543221,-0.4172378640256702,-0.5693226947018718,-0.3006834955052855,0.17106265884545974,-0.7438573324392611
13,CALDWELL,0.5433137552155382,-0.4380138830151306,0.9104194351365732,1.231706609370255,0.41307358937606276,0.7168392744092401
14,CAMDEN,-0.3594788546560232,1.423517418440522,-0.9043615168878272,-1.092657411507771,0.14522902889447273,-0.7424313656735109
15,CARTERET,-0.025005749007327153,2.574508870456629,0.8041592817725687,0.6317268562373607,0.3614741424007696,0.9338337883269402
16,CASWELL,-2.585293434795756,-0.48510619272457417,5.723142002250993,2.7535794029254017,-3.5742911459662703,6.539852436153479
17,CATAWBA,0.9936937167318162,-0.440784018880392,0.36074636220089057,0.4456457885877627,0.348229201304681,0.3376368334229578
18,CHATHAM,0.5169711899373003,-0.3895365053730564,-0.7336721296523242,-0.8157249504135738,0.01174873536287866,-0.6329717474409153
19,CHEROKEE,1.3739497315348308,-0.3715306222488573,0.19792608764413105,0.5559984203539138,0.34272081928337744,-0.03518516367184852
20,CHOWAN,0.16007878240606682,-0.005872688034354152,-0.5208961003080339,-0.34211214825748193,0.1665039574151556,-0.6468616029208927
21,CLAY,-0.5588258317512583,-0.21086274206369685,0.6931557060729514,1.2970190789560068,0.2508318869418672,0.26549460757334026
22,CLEVELAND,2.6843300211558523,-0.47679578512879006,1.7846130952521786,1.8363748495143426,0.13904798024868972,1.7735142834090076
23,COLUMBUS,-1.0595749429774861,-0.1734659078826681,-0.5206280468037661,-0.6847359397870135,0.19335126375076267,-0.3738843963336241
24,CRAVEN,0.32484910483662255,1.1797454622975199,-0.15170084542100606,-0.19387032462427684,0.31070216669416006,-0.1125851647540802
25,CUMBERLAND,-0.45945798706704566,-0.3202831087415216,-0.8417314558897039,-0.9371783729148304,0.123047874854725,-0.7319047923089843
26,CURRITUCK,0.6442787267443301,2.251788042153677,-0.555049462848162,-0.6617003650869658,0.15314069391053511,-0.46505457232188563
27,DARE,0.26318892467316163,5.123033866497105,-0.7859421843969588,-1.230361243456619,0.061433808201623995,-0.44992005409618957
28,DAVIDSON,0.9768081371353678,-0.4490944264761762,-0.000916404838778691,0.017797318661120023,0.21619089843605976,-0.022599916476115332
29,DAVIE,-1.319515708083415,-0.44770935854354543,-0.3962106268099634,-0.5256768144083275,-0.04163734034094567,-0.27120222405695443
30,DUPLIN,-0.3190768502600796,-0.11390798677954829,-0.9454286078857838,-1.0066677556156787,0.000394634243643541,-0.868504001936236
31,DURHAM,1.0168589860554724,-0.3064324294152147,-0.2558522782080038,-0.2851736820672615,0.10268987295955367,-0.24345981539248163
32,EDGECOMBE,-1.3598999324329009,0.014903330955106273,-0.3516430467681362,-0.5186079149366293,0.07689063664005202,-0.2028180610669852
33,FORSYTH,0.01815757763758152,-0.43108854335197716,0.17343466210305983,0.31229608658353286,0.3299782040551645,0.11663999761725992
34,FRANKLIN,-0.054548622922282,-0.44770935854354543,-0.7580996982277793,-0.7910516845801241,-0.0237680927117508,-0.7087154703193594
35,GASTON,0.4104570326690173,-0.43662881508249995,0.5750400006297337,0.6421466547641039,0.4450748075378143,0.5387475314442959
36,GATES,-0.4884798713822402,-0.3285935163373058,-0.5187726795057156,-1.159189626376699,0.1903508150497677,-0.11379980968185568
37,GRAHAM,1.0943112189812887,-0.37430075811411867,1.6781670486192537,1.8884283665531427,0.19873529639885182,1.6100477439141154
38,GRANVILLE,-0.6986899508841162,-0.46571524166774453,-1.7251436392963129,-1.965175496247402,0.01805881726665441,-1.5334300825942682
39,GREENE,-1.1444261387608559,-0.3770708939793801,-1.1664193472002415,-1.3822358213014982,0.05150889134962559,-0.9824853889892169
40,GUILFORD,-0.022287541557270953,-0.4297034754193465,0.6600410869833115,0.6359289726313478,0.45798774525571095,0.6784802009782818
41,HALIFAX,-1.2805565136473014,-0.4421690868130227,0.0006068225945314566,0.2286204078808283,0.3283137331446795,-0.1357917814350601
42,HARNETT,-0.32339664350515884,-0.38676636950779497,-0.5031446840553445,-0.47316573977750565,0.25768496442371175,-0.5073120752459583
43,HAYWOOD,0.8521161888805167,-0.20532247033317405,1.3202633422596937,1.5632981957823826,0.5210084044653508,1.1113673933961568
44,HENDERSON,0.894990122542191,-0.34936953532676623,-0.18047313346302293,-0.38784565441728547,0.2606392996940906,0.00811137441688584
45,HERTFORD,-1.6546872539865145,-0.41031252436251675,-0.15127008169182177,-0.29625121797818776,0.06526526967146735,-0.02743229065638697
46,HOKE,0.7448707830115283,-0.41031252436251675,-1.4433635208066304,-1.8196850471468073,0.008339660152311674,-1.1509164580423292
47,HYDE,-0.6816427000760338,4.064841965967254,-1.1495244830466516,-1.562570858799495,0.2600136562276371,-0.8408263754496806
48,IREDELL,-0.2471830160679783,-0.4615600378698524,-0.38049380854006065,-0.1503054751312275,0.6377229549813296,-0.5104845959876197
49,JACKSON,-0.0998723438487873,-0.31751297287626024,0.02585063457769539,0.39430579620401657,0.268494591793168,-0.1470588141517202
50,JOHNSTON,0.0964128744446198,-0.3978469129688405,-0.835645104067652,-0.7804456208480283,0.05874731507207401,-0.8232662007030278
51,JONES,-0.9885124168001562,0.10493274657610135,-1.1119687391390498,-1.0391145741914578,-0.0336132639648857,-1.1368148820096788
52,LEE,-0.17350358678297842,-0.4172378640256702,0.50830278565543,1.0019619490757703,0.30462738107596626,0.16477472344628433
53,LENOIR,-0.6614619182897937,-0.27457586696470876,0.03665519110706837,-0.23277754198908895,0.46250326862655644,0.23556986717930256
54,LINCOLN,0.7753722779402636,-0.45463469820669894,-0.9259559122309419,-0.9589959266620989,0.011323703578357191,-0.8472288670417653
55,MACON,0.3821313072037618,-0.37291569018148807,1.0697583386711629,1.0417480924613063,0.12176248150028209,1.1109825962664712
56,MADISON,2.7784139194759003,-0.35629487498991974,1.4517001160849794,1.5283351254554807,0.6242451083806769,1.2603564050107845
57,MARTIN,-1.4154510952082275,-0.42000799989093157,-0.3206816365611611,-0.5297428861876595,0.01174873536287866,-0.1536921522538891
58,MCDOWELL,0.3723004436632139,-0.3936917091709484,0.716858606398317,0.9096847608576917,-3.5742911459662703,0.6049705442348478
59,MECKLENBURG,-0.21156805725373587,-0.3770708939793801,-0.4126869592438538,-0.3292890826902312,0.30391455421236674,-0.4687269168702068
60,MITCHELL,-0.32468587606448385,-0.41031252436251675,1.4319214740622095,2.313169996735632,0.3804606044467659,0.848593885296093
61,MONTGOMERY,0.2627911725032981,-0.47125551339826727,1.6891539566642073,2.0611938979607403,1.1576175531381663,1.4493404076074208
62,MOORE,1.5120683803094084,-0.3022772256173227,-0.07432384741580594,-0.1960701710486395,0.2513609084397573,-0.01050929390692023
63,NASH,-0.30152390822876357,-0.2898116142236464,0.3343100633391667,0.2906138770608793,0.2368942563081783,0.3993821207333287
64,NEW HANOVER,-0.12478034468053693,1.613271725210927,0.16131479011949154,0.07900155258526072,0.31536781555124954,0.24294157360789867
65,NORTHAMPTON,-1.6427585113108185,-0.45601976613932965,-1.4393373382539687,-1.524956204050046,-3.5742911459662703,-1.3452709939338139
66,ONSLOW,0.8921615203378823,0.4193431672832689,-0.011130767979865673,0.05381332256253586,0.3169275455421555,-0.04903814120650571
67,ORANGE,-0.07951418042905146,-0.2898116142236464,0.12853860116544163,0.2915235289084365,0.2336519399619567,0.0502166635400803
68,PAMLICO,-0.5406350376076529,3.224105730860424,-0.9004282389812602,-0.8865783446748544,0.07403340468720049,-0.8876269149661118
69,PASQUOTANK,0.08941290941626295,1.0246178538428818,-0.9807790572453248,-1.1999476242906548,0.04654892322221529,-0.7938362240899316
70,PENDER,0.15221396539609638,1.8168767113076392,1.221602442772198,1.1204551030192251,0.6408430773146134,1.2910616323722195
71,PERQUIMANS,-0.1623582739202336,0.3833314010348708,-0.8711995382645791,-0.7012653720420366,0.1360887765644363,-0.9705599607140557
72,PERSON,-0.7326216682206566,-0.472640581330898,-0.38964935157172614,-0.047099142316758144,0.07600466682442657,-0.6693764306393205
73,PITT,-0.6258341249320922,-0.14853468509531562,-1.131398691500425,-1.3037836039225514,0.07778727088633235,-0.9849204308772225
74,POLK,1.889838500277833,-0.3784559619120108,-0.20065099891929963,-0.015207035995682523,0.13599748243327214,-0.29375329717736554
75,RANDOLPH,0.12697855237601646,-0.46433017373511376,0.3830548977864569,0.42719128159942205,0.29327738256532576,0.3491060544068715
76,RICHMOND,-0.3656813981235201,-0.46571524166774453,1.1917227919739437,0.560539871007267,0.5644020272322381,1.581493452945675
77,ROBESON,-1.0172218306012442,-0.11944825851007103,-0.19604414167408982,-0.3699567048990451,0.3625053211177173,-0.06283428342204918
78,ROCKINGHAM,1.3478998665462123,-0.4740256492635287,0.7960805926066827,0.7230372094639783,0.1854843203723265,0.9156903065072841
79,ROWAN,0.45899715278300895,-0.4421690868130227,0.5558186894600798,0.6629142737794861,0.3892821834852653,0.50615569190384
80,RUTHERFORD,2.5749297295689586,-0.4393989509477613,1.198511307466374,1.647783875716,0.2536792182552199,0.8879432344642579
81,SAMPSON,-1.1238966608295913,-0.41585279609303955,-0.30342829825988793,-0.19505619775597183,0.5562481910099957,-0.4372603852230025
82,SCOTLAND,-1.2495014063511451,-0.4338586792172386,-0.7755951111242219,-0.5882318184174541,0.07600466682442657,-0.8657927391520515
83,STANLY,1.0085029632586384,-0.46571524166774453,0.9681825137074156,0.8600006878244598,0.49585083602509167,1.0002669201925556
84,STOKES,-0.7101192731638526,-0.472640581330898,-1.558024566282727,-1.8682398627900003,-0.02690995650062806,-1.3128764242523083
85,SURRY,-0.18632101910235782,-0.4809509889266821,-0.10185512778025596,0.17434919384979541,0.5318352933124394,-0.38476253474411287
86,SWAIN,0.9192914132503935,-0.3673754184509652,1.9091312403263565,2.2940808772100025,0.4101324155099465,1.7026112111266685
87,TRANSYLVANIA,1.2179180063001482,-0.26903559523418596,0.28267494367157603,0.15396413581049728,0.23037129185335303,0.37910704875399265
88,TYRRELL,0.8706950081200749,1.8515034096234064,-0.025282049157286685,-0.6072003189508254,0.23260176105249358,0.33325262467592354
89,UNION,-0.5210034763476176,-0.42831840748671574,-0.6494712990368567,-0.42581802013738457,0.24106450844475785,-0.7969752910988311
90,VANCE,-1.2330390951183223,-0.47679578512879006,-0.9584466097871962,-0.8481924667537403,0.13196613686239084,-0.9769283957080119
91,WAKE,-0.17402183486903267,-0.37291569018148807,-0.44706720831903124,-0.36322696053728903,0.31788395172386835,-0.5260857314806291
92,WARREN,-0.7689215366629764,-0.45463469820669894,-1.2005890391825746,-0.8633867408294129,0.6497075536507494,-1.5139079104097544
93,WASHINGTON,0.5190222843941416,0.017673466820367644,-0.4598494565966132,-0.46039327948711317,0.2877628726050512,-0.4497852272552539
94,WATAUGA,0.43864583980673716,-0.21224780999632753,0.42165076661394335,0.5784544874012295,0.12900320940256055,0.3318688953290095
95,WAYNE,0.3446674489862784,-0.31751297287626024,-0.5388778266293763,-0.7358316873733812,0.2896132752403041,-0.37032791573878865
96,WILKES,0.5324239786809178,-0.4823360568593128,1.061488579407189,1.7735402278912762,0.5377713475418949,0.6292680878418069
97,WILSON,-1.0493861842780192,-0.3008921576846919,-0.12642706371843682,-0.3022668792826531,0.6039151706052206,-0.02304779186209544
98,YADKIN,-0.7905176609261283,-0.47956592099405143,0.0012219868839682248,0.5608786198823522,-3.5742911459662703,-0.3153506611531905
99,YANCEY,1.3532617525453228,-0.2662654593689246,1.5489198200679295,1.7305911475321116,0.5171455784959068,1.4281096427931497
