,COUNTY,AREA,EP_POV150_z,EP_UNEMP_z,EP_HBURD_z,EP_NOHSDP_z,EP_AGE65_z,EP_AGE17_z,EP_DISABL_z,EP_SNGPNT_z,EP_MINRTY_z,EP_MOBILE_z,EP_CROWD_z,EP_NOVEH_z,EP_NOINT_z,EP_AFAM_z,EP_HISP_z,EP_TWOMORE_z,RESL_VALUE_z,CRF_VALUE_z,ALR_VALA_z,HRCN_ALRB_z,HRCN_ALRA_z,IFLD_ALRB_z,RISK_VALUE_log,HRCN_RISKV_log,IFLD_RISKV_log,POPULATION_DENS_log,BUILDVALUE_DENS_log,AGRIVALUE_DENS_log,E_HU_PER_SQMI_log,E_HH_PER_SQMI_log,EP_AIAN_log,EP_ASIAN_log,EP_GROUPQ_log,EP_MUNIT_log,EP_LIMENG_log,IFLD_EXP_AREA_RATIO_log,EP_OTHERRACE_log,EP_UNINSUR_log,ALR_VALB_log,log1p_HRCN_UNEXP_RATIO_z,RISK_SPCTL_z,SOVI_SPCTL_z,RESL_SPCTL_z
0,ALAMANCE,438.62387049,-0.3638919442339438,-0.3874348160150027,-0.02786150910831611,-0.2601187082946553,-0.7410951617397998,0.5746508672504334,-1.1303284407728003,-0.0622700837903515,0.30525037257761256,-0.8625628904758973,-0.4278105862169131,-0.29443738643739453,-0.5746980698057153,-0.00848149130857355,1.3260491344413623,0.6019362967978199,0.3453398703869391,-1.1948016612933485,-0.8773788486873778,-0.5137919005172525,-0.5577381587506254,-0.11240462466422231,17.467545258674907,14.736032730531367,17.028234485772217,5.9701798730364795,18.110238454409576,11.716448117350273,5.169824989855624,5.075780753301031,0.09531017980432487,0.9555114450274363,1.3609765531356006,2.1972245773362196,1.33500106673234,0.12660619349223873,0.4700036292457355,2.3702437414678603,0.00115716412026165,-0.3900370240438445,0.4683539369402776,-1.3181300527342832,0.5369625991475462
1,ALEXANDER,266.29362708,-0.6633914868133214,-0.05582156407634176,-1.846918715353661,0.312391367377792,-0.027523479184284484,-0.23770131140721756,0.16164718265171896,-0.8958066384643495,-1.1056897197154172,0.8495742637883755,0.8429139272986699,-1.156970342712051,-0.19530932554527514,-0.9508694144833766,-0.7014013077332734,0.1279707087680403,-0.6291477250882834,0.5619408110559763,-1.357963665948584,-0.550366930511793,-0.8734517441787228,0.1722043644147037,16.533757129607473,13.140748531444032,16.070726313613115,4.926022213445027,17.124683562060454,13.656069636969852,4.137988953439008,3.9876866970144342,0.18232155679395465,0.7419373447293773,1.5040773967762742,0.4700036292457355,0.4054651081081644,0.09209243082699102,0.18232155679395465,2.312535423847214,0.0012715977493446696,-0.3900370240438445,-0.9474959877523222,0.6764088428504874,-0.7794618374722443
2,ALLEGHANY,238.64392578,1.2084806543077888,-0.22162819004567222,-0.7186427266698396,1.2333858369378154,1.5219464600791206,-1.4385697494228746,0.2517850168441264,-1.4841853829401126,-1.1113561457888832,-0.3666335078614183,1.160595055677566,-0.059201125635215665,0.38136156573059443,-1.1142166545003425,0.48127811686859756,-1.4835122905332103,-1.4777080697024008,1.6421886859904553,0.485411745046777,-0.5473850471136399,-0.9333888211461882,0.15717932915324603,16.263833130401334,12.184016605803354,15.475200243868889,3.8410461997096386,16.458613736702002,12.039978695359627,3.5234057579320304,3.092099426436328,0.26236426446749106,0.26236426446749106,0.9932517730102833,0.832909122935104,0.9162907318741551,0.05747018544337969,0.0,2.667228206581955,0.001183097907779553,-0.3900370240438445,-1.4516134583956686,1.4742244010843957,-1.5069595524463393
3,ANSON,542.52172884,1.3282804713395393,0.3863294385085401,1.2385707230878102,1.1836023520967331,-0.21101334041284528,-0.13174233158230633,1.2132552482298158,1.1144874051611748,1.2685428050668297,0.6016095724811362,-0.32191687675728103,0.5288895263702318,-0.27118707439736295,1.7443600457965602,-0.8220828816722398,-0.725167349685563,-0.6363285180422896,1.3289987749702927,-0.9791958512178283,-0.5355938057828797,-0.219710156251502,-0.5619676339991038,16.64386928990934,14.958745583182155,15.786300395061575,3.728526229621973,16.139062579528414,13.488221995513262,2.982973121033875,2.806588683319277,0.18232155679395465,0.9162907318741551,2.2823823856765264,0.6418538861723948,0.4700036292457355,0.039461107214218534,0.09531017980432487,2.6390573296152584,0.0011203954995957605,-0.3900370240438445,-0.7573716845382596,1.3354738692176291,-0.8141045858043442
4,ASHE,433.71190668,-0.21414217294425494,-0.3321659406918927,-1.5245541471582837,0.0634739431723802,1.2365177870569148,-1.2266517897730533,0.4020147404981403,-0.6996803903057616,-1.4343424319764442,-0.1777080287701882,-0.9572791335150727,-0.6080857341736331,0.35101046618975934,-1.164477343736332,-0.6531286781576867,-1.673098525745122,-0.3385189154242948,0.8404183658218031,0.8465225047167051,-0.5504782513528498,-0.9505901829245484,2.137347625435525,17.112888459147943,12.664173740860754,16.706814404165353,4.130978721329401,16.704288431565406,12.041426767660408,3.7121660601617763,3.3581625284750958,0.18232155679395465,0.33647223662121295,0.9555114450274363,1.1939224684724346,0.6931471805599453,0.06110489517461947,0.09531017980432487,2.4849066497880004,0.0017188418807239888,-0.3900370240438445,0.001685192687579792,0.9192222736173291,-0.2944633608228479
5,AVERY,250.00849458,-0.019467470267659395,-0.3874348160150027,-1.2942937413044426,0.0883656855929213,0.4413950550664829,-2.2862415880221625,0.7325201325369711,-0.7977435143850555,-1.185019684743941,-0.8153315207030898,0.31344538000051025,-0.4904676037725437,0.07785057032224209,-1.001130103719366,-0.7014013077332734,-0.4407879968676953,0.3094119354972532,0.4009202624893568,-0.8059589220786852,-0.5511476018107414,-0.9527701880122305,0.6164385114247075,16.57073634833971,12.42910997578879,16.21362281312713,4.27929572935868,17.250065566568477,11.546786157874608,4.0475865742602934,3.3033285275886173,0.5877866649021191,0.4054651081081644,2.89591193827178,2.1972245773362196,0.6418538861723948,0.07550507462627781,0.0,2.747270914255491,0.0013237611485297836,-0.3900370240438445,-0.871158199340615,0.6764088428504874,0.46767710248334665
6,BEAUFORT,972.56821467,0.25008211805378056,-0.05582156407634176,0.9392321954778174,0.11325742801346238,0.7879870151648759,-0.2730209713488538,0.16164718265171896,0.28095085048717716,0.0502611992716433,0.8259585789019719,-0.7454917145958089,0.01921096129884407,0.1840794187151653,0.22397419640787808,0.09509708026390513,-0.5355811144736513,0.520430326092591,0.4324108869612199,0.19040506611616634,1.8343249813402365,1.5255924865407513,-1.1239730206820109,18.145129151011915,17.84950043797541,16.003889307004087,3.8472746129711974,16.20515589032627,11.907139227888953,3.407170402701644,3.168960070461397,0.09531017980432487,0.18232155679395465,0.7884573603642702,1.1631508098056809,0.6931471805599453,0.045484375871321814,0.18232155679395465,2.509599262378372,0.004864282567951725,0.5215238330826502,0.971031071953215,0.6764088428504874,0.9180328308006434
7,BERTIE,748.79194221,1.4780302426292282,0.3863294385085401,1.9293519406493338,1.6814372005075569,0.6860482033712308,-1.1560124698897785,2.084587645423096,0.7222349088439998,1.8408518384868946,1.2274252219708361,-0.21602316729764928,2.1755433519854854,2.6880451308340723,2.6239221074263765,-1.5944449548816246,-0.819960467291519,-0.4279114855569172,0.991000240866652,-0.3692947559763274,0.41479875871551086,0.4359084554428592,-0.48436118626569086,17.101253178468347,16.528762173219636,15.644404316941243,3.2168434713978504,15.700677531846594,13.012262106395571,2.6307180233388667,2.396885624194703,0.26236426446749106,0.5877866649021191,2.2512917986064953,0.33647223662121295,0.0,0.02792793994006963,0.09531017980432487,2.5572273113676265,0.002542421910051455,0.02467966505650327,-0.015598834877335013,1.0059413560340582,-0.46767710248334665
8,BLADEN,896.74408083,1.3582304255974775,-0.11109043939945175,0.7550238707947444,-0.23522696587411376,0.4617828174252122,-0.02578335175739514,-0.529409546156745,0.08482460232858922,0.6792344934263675,1.3927350161756622,-0.7454917145958089,0.8425378741064707,0.29030826710808905,0.889928328784739,0.022688135900525114,-2.147064113774902,-0.4668743382415627,0.5766988420350687,-0.15145541752652397,0.6452628936854372,0.7407216887932859,-0.4989767777601995,17.832942539771555,17.272741003036934,16.257911980821127,3.5265063137539823,16.17040221849808,13.37067542990846,2.919927562070046,2.6399216899272426,1.308332819650179,0.26236426446749106,0.9162907318741551,0.8754687373538999,0.9162907318741551,0.04441484592934459,0.0,2.3978952727983707,0.0031622557203652524,-0.3900370240438445,0.8082731457169343,0.6764088428504874,-0.5369625991475462
9,BRUNSWICK,1060.13836305,-1.4420902975197032,-0.3874348160150027,-0.2811479555475409,-1.5544893141627965,2.480171290939385,-2.0743236283723405,-0.49936360142594227,-1.5822485070194063,-0.8393676942625159,0.011217450321042073,-0.6395980051361768,-1.3137945165801703,-1.591459904423696,-0.6870007959944318,-0.7014013077332734,0.8863156496156875,1.2452845538260806,0.2563382552716683,0.6507191815146922,1.5714367185600335,2.1521314286311726,-0.670072727939696,19.1462939858116,18.819872533133392,17.306565082081203,4.863806305637391,17.272076044004812,10.932392147990187,4.676633460827925,4.285776083409952,0.18232155679395465,0.4700036292457355,0.5306282510621704,1.6094379124341003,0.33647223662121295,0.05811221464453786,0.18232155679395465,2.2823823856765264,0.004524720432451905,1.032974258317615,1.3152712876211003,0.45093922856699165,1.4376740557821397
10,BUNCOMBE,666.6120942,-0.7083164182002282,-1.1611990705385453,0.6398936678678238,-1.2060049202752199,0.013252045533174118,-0.8381355304150461,-0.8899608829263784,-0.6506488282661148,-0.9016983810706418,-0.709060938714273,0.10165796108124672,-0.13761321256927506,-0.5443469702648802,-0.8754783806293924,-0.21867501197740769,0.2227638263739963,1.0920314597773193,-0.9186669167027658,0.8487837368469637,-0.5598394375750037,-0.9628718236699785,0.018113474324311818,18.23648766212145,13.216727137788709,17.697654252647112,6.003863783237655,18.22092778317649,11.437555821078869,5.2940292984797725,5.061157920265999,0.09531017980432487,0.7419373447293773,1.2809338454620642,2.4159137783010487,1.1939224684724346,0.13509778774948333,0.26236426446749106,2.509599262378372,0.0011601322231875625,-0.3900370240438445,1.0243234902783687,-1.0579728054840958,1.3337458107858404
11,BURKE,519.4280426400001,0.3399319808275935,0.16525393721609916,-1.4324499848167467,0.611092276424286,0.09480309496808988,-0.7674962105317723,1.1531633587682095,-0.5525857041868208,-0.8110355638951859,0.17652724452586827,-0.21602316729764928,-0.451261560305514,0.36618601596017714,-0.8566306221658962,-0.3152202711285807,-0.4407879968676953,-0.4351431785997268,0.14576855560072902,-0.3273549230754256,-0.5531054902257939,-0.9073183895995819,0.3207246050900984,17.21690013519114,13.096704278937692,16.798401645763466,5.132948044113289,17.19940005261662,12.215682957971312,4.376587572536731,4.255936783506824,0.09531017980432487,1.4816045409242156,1.4350845252893227,1.1314021114911006,0.7884573603642702,0.08897451114220906,0.4054651081081644,2.468099531471619,0.001296818730081714,-0.3900370240438445,0.15580110514140239,0.20812579780015,-0.5023198508154464
12,CABARRUS,367.603509,-1.4121403432617654,-0.44270369133811266,-0.37325211788907786,-1.1811131778546786,-1.4750546066540438,1.7048799853828167,-1.7612932801196588,0.23191928844753038,0.32224965079801077,-1.5592255946248084,0.9488076367583018,-0.8041159515087823,-1.2575978094745082,-0.05874218054456287,0.7950502091099104,0.6019362967978199,1.0036501560152584,-1.6594289278061507,-0.799333559952015,-0.553671312157709,-0.6359409159619804,1.522080941448484,18.039814854682692,13.700573353303287,17.756927068853255,6.4219028660510356,18.751018551700927,12.219128672698456,5.5000184708677,5.36516778639621,0.0,1.7749523509116738,0.5877866649021191,2.2512917986064953,0.8754687373538999,0.18209283033409956,0.4700036292457355,2.1972245773362196,0.00161525193157123,-0.3900370240438445,0.92061932488888,-1.5782872999844708,1.1951748174574415
13,CALDWELL,479.40243429,0.01048248399027826,0.0547161865698787,-1.3863979036459788,1.3329528066199807,0.03363980789190269,-0.16706199152394383,0.6724282430753659,-0.0622700837903515,-1.1056897197154172,-0.18951587121338986,-0.00423574837838528,-0.37284947337145424,-0.13460712646360434,-0.963434586792374,-0.4359018450675471,-0.1564086440498273,-0.468062962522288,-0.5928875709617808,-0.7213604246086034,-0.553121968619437,-0.907266662809927,0.699780331329155,17.1340411562984,12.927433949807467,16.786996953084447,5.130471145540562,17.3810087993995,11.768110530747885,4.3779353417478255,4.235077482906729,0.09531017980432487,0.4054651081081644,0.832909122935104,1.3862943611198906,0.5306282510621704,0.09289302245541796,0.09531017980432487,2.509599262378372,0.0013779426056176871,-0.3900370240438445,0.03193224092618006,-0.6590650263671416,-0.5716053474796459
14,CAMDEN,313.38902010000004,-1.9362645427756764,-0.0005526887532312864,-0.18904379320600476,-1.2557884051163022,-0.9653605476858186,1.2104047461998992,-0.31908793304112576,0.5751402227250586,-0.6920406163524004,-0.5555589869526484,-0.9572791335150727,-1.7450609947174984,-1.6066354541941135,-0.7184137267669252,-1.039309714762379,3.6353160601884094,1.1212645647174415,-1.9885924847386633,-0.2132093219819434,-0.32630360574523776,0.8560973460491809,-0.386765940638673,14.707017614653516,13.554242433734121,13.758502855671766,3.527126271999797,15.47527531300636,12.008191553888535,2.9097118284936565,2.839508805159415,0.18232155679395465,0.8754687373538999,0.26236426446749106,1.62924053973028,0.4054651081081644,0.05748256903180133,0.6418538861723948,1.547562508716013,0.001460743295537567,1.4956968276386156,-2.9063524451093263,-1.5782872999844708,1.36838855911794
15,CARTERET,1343.84272659,-1.3672154118748587,-0.44270369133811266,-0.050887549693699734,-1.2060049202752199,1.0734156881870824,-1.1560124698897785,0.2517850168441264,-1.3370906968211718,-1.1000232936419512,-0.23674724098619765,-1.2749602618939684,-0.7257038645747227,-1.3638266578674316,-0.963434586792374,-0.846219196460033,0.6019362967978199,2.1599972664418687,-0.5016926233004825,1.5596622741893558,3.1687267365098624,2.8346032200835523,-1.6299975958558144,18.797555112421172,18.631174373508234,16.202210420281766,3.9381216315811773,16.492491490684056,10.033683463263822,4.62164527632437,4.109508858843336,0.26236426446749106,0.7884573603642702,0.9932517730102833,2.4423470353692043,0.33647223662121295,0.04774032618529214,0.18232155679395465,2.4069451083182885,0.006861293170726838,3.8685080858909586,1.2115671222316122,-0.4162515956003,1.6455305457747382
16,CASWELL,433.03126854,-0.37886692136291283,0.16525393721609916,-0.5574604425721501,0.8849014430502392,0.29868071855538,-0.8028158704734085,1.0029336351141955,-0.3074278939885862,0.3959131897530684,0.3654527236170986,-1.0631728429747045,-0.41205551683848396,0.79110140953187,0.7831243641582613,-0.7738102520966531,-0.2512017616557833,-1.2123294796413984,0.09652224523780571,-0.17055950483852725,-0.48574079429829914,-0.677063559833521,-0.43882550138030657,15.916019709828669,13.659579042308573,15.345881268328215,3.978811873237658,16.211745769937504,11.633090284601904,3.2452503664051444,3.0444853617732006,0.09531017980432487,0.6418538861723948,1.8870696490323797,0.4700036292457355,0.7884573603642702,0.03961968250847861,0.0,2.388762789235098,0.0011031086009122297,-0.3900370240438445,-2.009023347364169,0.0,-1.40303130745004
17,CATAWBA,420.22343181,-0.5585666469105394,-0.3321659406918927,-0.9489031325236809,-0.036093026509784604,-0.4556664887175933,0.5040115473671596,-0.7697771040031672,-0.013238521750704304,-0.39172003445870324,-0.6736374113846673,0.41933908946014226,-0.33364342990442425,-0.6354002688873858,-0.7184137267669252,0.5778233760197707,0.6967294144037759,0.381136639663172,-0.9645594977383518,-0.9523294020930348,-0.5465046504900134,-0.8193839452258532,-0.785473552962149,17.6270301831823,14.104704903257549,17.124039728926117,5.947933390971994,18.413752866797353,12.374934527022356,5.1818382291071305,5.084837812614543,0.09531017980432487,1.62924053973028,0.9932517730102833,2.0014800002101243,1.0986122886681098,0.1598883923823464,0.26236426446749106,2.5494451709255714,0.0009874008178027752,-0.3900370240438445,0.6267908562853295,-1.144691887900825,0.6755335924759451
18,CHATHAM,716.08800822,-0.9778660065216681,-1.603350073123427,-0.9719291731090645,-0.5339278749206082,0.8695380645997924,-0.3083406312904913,-1.1002824960419977,-1.1409644486625843,-0.25572580869551975,-0.6145981991686578,-0.32191687675728103,-1.0393522123109613,-0.392591472560704,-0.561349072904458,1.0122770422000495,0.6967294144037759,0.5372238012480521,-0.5854673680458485,-1.047067244685711,-0.48212522176269895,-0.36539591063167853,0.029030366003817143,17.127570296168653,14.992130312330717,16.61831710253145,4.676524241345634,16.993795418871763,12.637006735265844,3.934871893830097,3.8430618041276094,0.18232155679395465,0.9932517730102833,0.6418538861723948,1.2237754316221157,1.4586150226995167,0.05136111240103703,0.5306282510621704,2.2823823856765264,0.0012588366770951347,-0.3900370240438445,0.02040955588290395,-0.6590650263671416,0.9873183274648429
19,CHEROKEE,471.37704822,0.5795316148910958,-0.44270369133811266,-0.44233023964522955,-0.9819792384903491,2.072416043764804,-1.5092090693061482,0.46210662995974666,-1.5332169449797597,-1.3323467626540566,0.05844882009384944,-1.2749602618939684,-0.5688796907066034,0.38136156573059443,-1.1330644129638385,-1.039309714762379,-0.34599487926173933,-1.595568075994249,0.20226083755236166,-1.0727372326888232,-0.5562913999973121,-0.9748862328776479,0.7363563819549497,16.80742573311603,12.105991087793575,16.345576507486808,4.126381333133514,16.764055939518578,10.694109587421744,3.701959792129055,3.3675122205072245,0.9555114450274363,0.4054651081081644,0.9162907318741551,0.33647223662121295,0.26236426446749106,0.05121068629507525,0.09531017980432487,2.8449093838194073,0.001511636670217925,-0.3900370240438445,-0.4534608665218422,0.1560943483501125,-1.6108877974426383
20,CHOWAN,236.00697705,0.8790311574704734,-0.774316943276774,0.24845097791629395,0.163040912854545,1.0326401634696247,-0.2730209713488538,-0.018628485733098065,1.2125505292404692,0.3619146333122724,0.4008762509467043,-1.698535099732496,1.7442768738481564,0.1840794187151653,0.8710805703212428,-1.039309714762379,-0.34599487926173933,0.18199777977548914,-0.10772893735835809,-0.22709304197566935,0.5793762372263535,0.6041751003634421,-1.594910553003633,16.256433392748225,15.796176917386218,14.388919083402914,4.078943719202098,16.406057654764453,12.445831855505027,3.749058570774292,3.6109719979175776,0.09531017980432487,0.09531017980432487,1.0986122886681098,0.4054651081081644,0.5877866649021191,0.049121762224105706,0.09531017980432487,2.028148247292285,0.002492436635592393,1.5800759606639136,-1.4688974859605832,-0.20812579780015,0.2598206124907479
21,CLAY,223.01068062,-0.39384189849188145,-0.9401235692461045,-0.07391359027908419,-0.2601187082946553,2.317069192069552,-1.3679304295396009,-0.07872037519470339,-2.268690375574464,-1.4230095798295122,-0.5555589869526484,-0.7454917145958089,0.6073016133042916,0.4420637648122652,-1.164477343736332,-0.9910370851867926,-1.673098525745122,-2.134228543668697,1.9066048182195465,-0.14443907151792723,-0.5574322184524397,-0.9830139680868131,1.331762428686795,16.04554819267896,11.058741928613962,15.564787791234854,3.9255162597395596,16.28427792919872,9.736363277219109,3.556751398458206,3.167803662377431,0.7419373447293773,0.7419373447293773,0.5877866649021191,1.4350845252893227,0.26236426446749106,0.048336461197368494,0.0,2.791165107812717,0.0016233070603091633,-0.3900370240438445,-1.8044956878460114,1.5435996670177792,-1.7148160424389376
22,CLEVELAND,472.90553661,0.5495816606331582,0.3863294385085401,0.08726869381860447,0.11325742801346238,-0.37411543928267754,0.6099705271920708,-0.10876631992550659,0.5261086606854118,-0.2783915129893836,0.09387234742345517,1.3723824745968294,0.293653265568053,0.8669791583839581,0.03549661177291744,-0.9427644556112061,0.1279707087680403,-0.33502079283767483,-0.6233112953664719,-1.1012249598198645,-0.5463223156604488,-0.8592268094517967,-0.49986846474299385,17.21242548983363,13.665217869691576,16.643171669630256,5.353338624161008,17.617476137456027,12.805648163257247,4.557104242186297,4.379095767671345,0.09531017980432487,0.6418538861723948,0.9932517730102833,1.2809338454620642,0.5306282510621704,0.1034786861454177,0.18232155679395465,2.501435951739211,0.0011072077747874194,-0.3900370240438445,0.148599426989355,-0.6590650263671416,-0.2598206124907481
23,COLUMBUS,964.63927833,1.4930052197581973,0.0547161865698787,1.1464665607462743,0.41195833705995677,-0.08868676626047094,0.08017562806751606,0.2818309615749296,0.3790139745664711,0.4412445983407965,1.416350701062066,-0.21602316729764928,0.17603513516696354,0.7607503099910349,0.5632338487508072,-0.5083107894309269,0.1279707087680403,-0.750063298203792,1.074101818329101,0.666999452471485,0.9268181578527219,1.0565264974505,-0.6634605662177417,18.01536167649034,17.371186739592968,16.219440935797312,3.978002951945448,16.04853667394607,12.284299150176203,3.265774032198156,3.065746138899757,1.410986973710262,0.4054651081081644,1.840549633397487,0.9555114450274363,0.7884573603642702,0.04096013825261761,0.26236426446749106,2.7212954278522306,0.0036537031517172155,-0.3900370240438445,0.9119773111064226,1.0753166219674417,-1.0566038241290423
24,CRAVEN,781.08896229,-0.2890170585890994,-0.3321659406918927,0.4556853431847507,-0.9073040112287258,-0.1498500533366581,0.46869188742552215,-0.3491338777719284,0.4280455366061179,0.10125903393283747,-0.5319433020662447,-0.11012945783801728,0.058417004765874116,-0.02837827807068112,0.07947471485440821,-0.04972080846285468,0.2227638263739963,1.013001101290282,-0.09453342052659673,0.5649911436341255,2.507389897567043,1.9306020730459676,-0.7058759213929029,18.809080417060457,18.56099141307725,16.679441708082944,4.860433614020933,17.03260255919894,11.678771811444767,4.213467420088422,4.078084412500181,0.26236426446749106,1.2809338454620642,1.7404661748405046,1.7578579175523736,0.9162907318741551,0.058628162290765826,0.4054651081081644,2.322387720290225,0.005888194027750356,0.20528739965006323,1.215888129122841,0.0,1.2644603141216408
25,CUMBERLAND,665.1253014900001,0.32495700369862496,1.215362568355193,2.29776859001548,-1.2557884051163022,-1.6381567055238762,1.5989210055579055,0.04146340372850726,1.7028661496369386,1.4498684394177415,-1.204990321328752,0.7370202178390378,0.45047743943617247,-0.9540868140661557,1.0595581549562034,1.0846859865634295,2.4977986489169384,-0.6470012342131248,-1.2064228807211634,-0.33871940887695906,-0.3612379133238632,0.47613073452448035,-0.661971423535217,18.242469439957837,16.672356017948307,17.444100197667865,6.222042073251472,18.27222796644177,12.13044673764026,5.392176094141468,5.274167681079544,0.6931471805599453,1.2237754316221157,1.7578579175523736,2.4932054526026954,0.8754687373538999,0.14088173169050722,0.5877866649021191,2.468099531471619,0.0012863507440138559,-0.3900370240438445,1.0300848328000067,-1.3181300527342832,-0.8487473341364439
26,CURRITUCK,531.74152512,-1.816464725743925,-1.382274571830986,-0.7416687672552232,-1.380247117219008,-0.7818706864572578,0.6452901871337071,-1.4608338328116313,0.28095085048717716,-1.0546918850542233,-0.8861785753623012,-1.1690665524343364,-1.588236820849379,-1.105842311770332,-0.8754783806293924,-0.7738102520966531,-0.5355811144736513,1.7191449900844369,-2.1247576602208187,-0.344971636132419,-0.2938273120098099,0.8745490206763801,-1.0781260477218337,15.773216128905863,14.599386052883693,14.917385866157113,3.9856945055637665,16.484388372412564,10.694575872899877,4.141956636662023,3.770724290692059,0.18232155679395465,0.5877866649021191,0.33647223662121295,0.6418538861723948,0.33647223662121295,0.04086783066383022,0.7884573603642702,2.501435951739211,0.0012457391041784474,2.768682240192239,-2.20346865746946,-1.5782872999844708,1.541602300778439
27,DARE,1557.29801253,-1.9063145885177386,-0.3321659406918927,-0.050887549693699734,-1.902973708050373,0.5025583421426701,-0.6968568906484987,-1.7913392248504616,-1.3370906968211718,-1.0886904414950194,-1.6773040190568274,0.6311265083794063,-1.5490307773823493,-1.6066354541941135,-1.0388256206463582,-0.0979934380384413,-0.5355811144736513,4.511455995105307,-0.7712258122998478,1.0276394339934374,2.543980574830317,2.3974895315978517,-1.5585400314389248,18.258717877179876,18.039606747595002,15.766920482540899,3.205555550948994,16.021664365396173,7.167359426165361,4.510928446550437,3.7603130499269066,0.09531017980432487,0.4054651081081644,0.4054651081081644,1.7404661748405046,0.9162907318741551,0.017969931591678,0.5306282510621704,2.533696813957432,0.005928107624145338,4.704685259360497,1.0358461753216448,-0.6590650263671416,1.7148160424389376
28,DAVIDSON,573.43003107,-0.1692172415573482,-0.774316943276774,-0.6035125237429191,0.1879326552750861,-0.4148909640001354,0.46869188742552215,-0.3791798225027311,0.08482460232858922,-0.6523756338381386,-0.602790356725456,-0.32191687675728103,-0.6080857341736331,-0.4229425721015391,-0.6304575206039436,-0.04972080846285468,-0.06161552644387172,-0.19286581757922736,-0.6769858259925281,-0.6409613552139858,-0.5188884492506823,-0.6290261552272015,0.43033837854523393,18.054587637318356,15.075675835210586,17.671102229897706,5.6882725074174765,18.162985801031105,11.568219663130934,4.916352783205465,4.815061635859031,0.09531017980432487,0.9162907318741551,0.7419373447293773,1.3609765531356006,0.9162907318741551,0.13201386591233297,0.09531017980432487,2.4765384001174837,0.0013255478581575579,-0.3900370240438445,0.927821003040928,-0.6590650263671416,-0.22517786415864838
29,DAVIE,269.29069791,-1.1875156863272323,-0.6085103173074436,-1.271267700719058,-0.6334948446027729,0.17635414440300562,0.18613460789242603,0.46210662995974666,-1.3861222588608186,-0.9470297896583697,-0.26036292587260135,-0.32191687675728103,-0.29443738643739453,-1.424528856949102,-0.9697171729468728,-0.1704023824018211,0.8863156496156875,0.10753876898468713,-0.8302900058951302,-0.5504337163669425,-0.5292228152599957,-0.7342588260309875,0.1197420043576965,16.424516894597705,13.334438185207109,16.011086085107934,5.072263315426833,17.406648185116325,11.765779371977422,4.283090676095018,4.150252063593268,0.33647223662121295,0.5877866649021191,0.5877866649021191,1.4586150226995167,0.7884573603642702,0.11324907588714861,0.26236426446749106,2.4159137783010487,0.0012145954868109207,-0.3900370240438445,-1.1347396197055648,-0.9539099065840208,0.1905351158265489
30,DUPLIN,828.4979328600001,0.8490812032125358,-0.16635931472256174,-0.41930419905984595,1.731220685348639,-0.29256438984776106,1.1750850862582618,0.1916931273825211,0.23191928844753038,0.9058915363650069,1.770585974358123,1.901851021894989,-0.2160252995033348,0.9125058076952111,0.11717023178140021,3.6672716688573104,0.6967294144037759,-1.948415462204218,1.0233061141825968,-0.293650488590259,0.868338336061723,0.9304454665521021,-0.6085045134169803,18.23793479956925,17.875171485766145,16.287217983469688,4.089153508265436,16.268952336055065,14.488847193583634,3.410892720997081,3.2543601950159866,0.18232155679395465,0.4054651081081644,0.6418538861723948,0.7419373447293773,2.1041341542702074,0.05663177530593668,0.18232155679395465,2.760009940032921,0.0033557858152628633,-0.3900370240438445,1.0272041615391874,0.8151593747172541,-1.680173294106838
31,DURHAM,300.86958174,-0.8730411666188855,-0.774316943276774,0.8010759519655124,-0.8575205263876432,-1.3731157948603987,-0.13174233158230633,-2.0617527274276863,0.23191928844753038,1.3592056222422857,-2.0551549772392876,0.6311265083794063,0.4896834829032021,-1.424528856949102,0.908776087248235,1.3984580788047425,0.8863156496156875,1.325708313897085,-1.1661353065443396,-0.11183987723964393,-0.49008854817171904,-0.47025934124719093,0.032187989143547646,18.26163904007466,15.781830208233508,17.80034873570739,6.984536951382263,19.201649945547683,10.674569785143246,6.2286519212384714,6.157241241800652,0.18232155679395465,1.824549292051046,1.7047480922384253,3.104586678466073,1.7749523509116738,0.19379398586535723,0.33647223662121295,2.517696472610991,0.0012307563251963928,-0.3900370240438445,1.0372865109520548,-1.3181300527342832,1.4723168041142394
32,EDGECOMBE,511.98422808,1.433105311242322,1.6022446956169638,1.0083103172339691,0.41195833705995677,-0.08868676626047094,0.821888486841892,-0.1688582093871119,2.046087083914467,1.7671882995318362,0.5543782027083285,0.10165796108124672,1.8226889607822165,0.9732080067768818,2.290945041237946,-0.6289923633698933,-0.34599487926173933,-0.009925771118115375,0.924733677910602,1.013806941180162,-0.38965676440860875,0.30800689973348505,0.3872918415961139,17.43641706077343,15.646746185281668,16.681570083523617,4.569613972600937,16.71448788572726,13.00157045424218,3.8492607450721716,3.670811579699437,0.18232155679395465,0.18232155679395465,0.9162907318741551,0.9932517730102833,0.5877866649021191,0.08426130318580069,0.09531017980432487,2.533696813957432,0.001527248117711368,-0.3900370240438445,0.43666655307126734,1.0059413560340582,0.08660687083024937
33,FORSYTH,416.51493663,-0.15424226442837966,-0.05582156407634176,0.6398936678678238,-0.48414439007952553,-0.8430339735334449,0.821888486841892,-1.280558164426814,0.9183611570025877,0.6452359369855716,-1.7835746010456444,-0.00423574837838528,0.33285930903508265,-0.7112780177394739,0.3559085056523504,1.3743217640169487,0.03317759116208428,0.75738597096027,-0.781725470442298,0.6855908050737144,-0.5286998493400864,-0.7075730049156097,0.17853472127038847,18.50931071507104,15.375322405788705,18.13842544959788,6.823707396641331,19.06588710938814,10.425337617169124,6.041175280563724,5.930621778739136,0.18232155679395465,1.2237754316221157,1.308332819650179,2.7343675094195836,1.308332819650179,0.24031637167772357,0.4054651081081644,2.4423470353692043,0.0012347228566459312,-0.3900370240438445,1.1237066487766276,-0.9539099065840208,1.1258893207932419
34,FRANKLIN,499.56491169,-0.7981662809740411,0.10998506189298918,-1.0179812542798325,0.0883656855929213,-0.7410951617397998,0.46869188742552215,0.07150934845931045,0.23191928844753038,0.237253259696021,0.6842644695835494,0.31344538000051025,-1.0001461688439315,-0.6961024679690564,0.24910454102587273,0.33646022814183796,0.5071431791918639,-0.42736803854650546,-0.7756047232553723,0.6983663329054249,-0.5333062963058927,-0.010337009808257823,-0.5166848785106927,16.686121912810876,13.80352892599834,15.934414637890688,4.927117428307533,16.883350286466104,11.923016701719046,4.119367185929457,4.004211603828074,0.26236426446749106,0.4700036292457355,1.1314021114911006,0.9932517730102833,0.9555114450274363,0.06449453872746168,0.26236426446749106,2.379546134130174,0.0010664529572160628,-0.3900370240438445,-0.6795935604961431,-0.9539099065840208,-0.4330343541512469
35,GASTON,367.35609885,-0.5435916697815703,-0.44270369133811266,0.38660722142859816,-0.08587651135086678,-0.8430339735334449,0.6806098470753446,-0.5594554908875481,0.28095085048717716,-0.16506299152006393,-1.2286060062151556,-0.21602316729764928,-0.13761321256927506,-0.5595225200352977,-0.15926355901654196,-0.0014481788872680805,0.2227638263739963,0.35103783701304947,-1.0600173762395173,-0.9592867166160752,-0.5570479073057001,-0.7890818322839172,-0.20872747440833433,17.866299892173828,13.358466395752465,17.374957940277913,6.431792201972599,18.60774263792467,11.304602641948106,5.628360413873406,5.54199524793356,0.18232155679395465,0.9555114450274363,0.832909122935104,1.9021075263969205,0.9162907318741551,0.18593335897069357,0.26236426446749106,2.4159137783010487,0.0011641622934319411,-0.3900370240438445,0.8212361663906205,-1.2140671538342083,0.5716053474796459
36,GATES,349.23474963,-0.2890170585890994,1.9891268228787358,-0.9489031325236809,-0.807737041546561,0.13557861968554774,-0.2730209713488538,0.7625660772677744,-1.091932886622937,0.20325470325522502,2.727021212257475,-1.2749602618939684,-0.9217340819098719,1.2767190021852342,0.745428847231269,-1.1599912887013455,-1.0095467025034308,-1.4732539856494022,-0.6095188890353155,-0.3026021381899449,-0.3743274462432784,0.5225429647955389,-0.7096024851536491,15.45627840043335,14.228847022441213,14.382805776729619,3.431856550993773,15.641605943931316,12.501337186248987,2.717872327193598,2.577662929068441,0.4700036292457355,0.09531017980432487,0.4700036292457355,0.0,0.6931471805599453,0.03135969982794977,0.0,2.128231705849268,0.0012032475481200432,-0.33372151807873696,-2.5477088731373456,-0.6590650263671416,-1.4723168041142394
37,GRAHAM,304.68625395000004,-0.7083164182002282,1.1048248177089723,-1.271267700719058,0.7853344733680745,0.6248849162950445,-0.02578335175739514,0.9127958009217881,-0.6996803903057616,-1.0660247372011553,1.0857311126524132,-1.1690665524343364,0.2544472221010233,1.4284744998894103,-1.1958902745088256,-0.9427644556112061,-1.1043398201093868,-0.822526985893429,0.32612885809417225,2.3335551251373525,-0.5560878757929126,-0.9748884427469623,3.8038916595215193,15.84068007140779,10.5684782493251,15.365827971587898,3.306856829078847,15.635381115472988,8.65987147295351,2.94742643394141,2.475548300531352,2.2082744135228043,0.0,1.0296194171811583,0.832909122935104,0.6931471805599453,0.022006699995890232,0.09531017980432487,2.928523523860541,0.0023426915379829555,-0.3900370240438445,-2.1127275127536578,0.29484488021687916,-1.1951748174574415
38,GRANVILLE,543.01800657,-0.3339419899760061,-0.5532414419843331,-0.3962781584744615,0.3621748522188742,-0.7003196370223412,-0.06110301169903263,-0.04867443046390126,0.08482460232858922,0.5829052501774461,0.04664097765064781,-0.6395980051361768,-0.6472917776406631,-0.7568046670507269,0.5820816072143032,0.31232391335404475,0.7915225320097319,0.4834822103250296,-0.6370436258919531,-0.16455165109281064,-0.39416604009178324,-0.33957861518642624,-0.4275426337414541,16.898653981893435,15.245706674163163,16.240059019241087,4.7299103946185435,17.055780858630065,11.938887468148932,3.84503234031592,3.7238516678914815,0.26236426446749106,0.5306282510621704,2.0541237336955462,0.6418538861723948,1.0296194171811583,0.05122683403992561,0.4054651081081644,2.451005098112319,0.0012662460221518363,-0.3900370240438445,-0.3339130091978483,-0.6590650263671416,0.8487473341364439
39,GREENE,269.90670291000004,1.0587308830181,-0.11109043939945175,0.8471280331362805,2.776673867011368,-0.8226462111747156,-0.4496192710570387,1.1832093034990128,0.86932959496294,1.1778799878913744,2.5617114180526483,2.007744731354621,-0.09840716910224537,0.5179415136643534,0.7768417780037624,1.9053206893484012,2.4977986489169384,-1.755682602229216,1.3435467025448387,-0.4133306304634892,0.424201395224926,0.4527501138694886,-0.563797463050539,16.986256913369044,16.431671018613226,15.41667451182561,4.340822100702697,16.503341916824482,13.961170359461141,3.4202234832831575,3.2759096247850246,0.5306282510621704,0.09531017980432487,2.6602595372658615,1.2809338454620642,1.410986973710262,0.05677268023875412,0.09531017980432487,2.884800712846709,0.00262764731080017,-0.3900370240438445,-0.1855584392656637,1.1620357043841707,-1.6455305457747382
40,GUILFORD,664.27494276,-0.27404208146013026,-0.2768970653687822,0.9852842766485855,-0.7081700718643963,-1.0265238347620058,0.5393312073087959,-1.4007419433500252,0.9673927190422345,1.0475521882016565,-1.8662294981480574,0.6311265083794063,0.21524117863399325,-0.7568046670507269,0.9024935010937362,0.14336970983949152,0.6019362967978199,0.5586944445453497,-0.6985641584150566,-0.4574812064574624,-0.5207756114044237,-0.6433410389615335,0.13829629320430725,18.788433802687244,15.94663632039009,18.49627616600041,6.703657534019215,18.944197165245285,11.524206117900587,5.892242368602021,5.80051625099503,0.18232155679395465,1.824549292051046,1.62924053973028,2.72785282839839,1.252762968495368,0.1937446158710628,0.4054651081081644,2.322387720290225,0.0011801597765071937,-0.3900370240438445,1.2101267866012022,-0.6590650263671416,1.0219610757969426
41,HALIFAX,737.64311166,1.8224547165955132,1.9891268228787358,2.067508184161639,1.5320867459843093,0.13557861968554774,0.3274132476589747,1.063025524575802,2.340276456152348,1.6481933519890508,0.6488409422539436,-0.00423574837838528,1.3522164391778582,2.354183035884885,2.008228664285505,-1.1358549739135524,0.7915225320097319,-0.8402390631552152,1.4036172015761923,-0.019656522508085545,-0.4159622392152191,0.10622678862610088,-0.4903583481543642,17.31007467747382,15.641943289404642,16.571586407157582,4.2030433051869345,16.604151493346848,12.356620274730426,3.5647748207635725,3.3612908646501922,1.3609765531356006,0.6418538861723948,1.252762968495368,1.4586150226995167,0.33647223662121295,0.06333787048418753,0.09531017980432487,2.424802725718295,0.0012390893145869481,-0.3900370240438445,0.27966996935662536,1.3354738692176291,-1.2298175657895412
42,HARNETT,607.29415968,-0.1841922186863173,-0.22162819004567222,0.156346815574757,-0.23522696587411376,-1.4954423690127732,1.810838965207728,-0.31908793304112576,0.3299824125268239,0.37324748545920455,0.04664097765064781,-0.21602316729764928,-0.5688796907066034,0.10820166986307722,0.041779197927415995,1.3743217640169487,1.0759018848275994,-0.8762979072934478,-1.0671136057574406,-0.6118927766684517,-0.4081049439512799,0.14366695119573988,-0.41685489327452435,17.40174561889425,15.694750363286678,16.597769865469406,5.397054025892968,17.37840928262904,12.980072139506424,4.505451687869954,4.4001467461987005,0.5306282510621704,0.6931471805599453,1.2237754316221157,0.6931471805599453,1.0647107369924282,0.08507827280735758,0.18232155679395465,2.468099531471619,0.0012930339092334766,-0.3900370240438445,0.38769514163734226,-1.3181300527342832,-1.2991030624537407
43,HAYWOOD,560.09940597,-0.37886692136291283,-1.2164679458616554,-0.1429917120352367,-0.78284529912602,0.9307013516759796,-0.8734551903566835,0.1916931273825211,-0.5525857041868208,-1.4060103016091143,-0.24855508342939928,-0.8513854240554406,-0.5688796907066034,0.3206593666489242,-1.1770425160453293,-0.846219196460033,-0.34599487926173933,0.3955771393535508,-0.15340213184455764,0.5151860531978415,-0.5587420753072527,-0.977064924076061,2.2835611935317495,17.47731338844564,12.039483286553653,17.001925283468868,4.716583569539073,16.85267806411345,10.639587371166833,4.163859237112342,3.888501563140039,0.33647223662121295,0.33647223662121295,0.6418538861723948,1.0986122886681098,0.4700036292457355,0.06144400150596732,0.0,2.501435951739211,0.0018190618094679738,-0.3900370240438445,0.4741152794619156,-0.20812579780015,0.7448190891401446
44,HENDERSON,378.87162105,-0.9329410751347613,-1.2164679458616554,-0.327200036718309,-1.081546208172514,1.1345789752632698,-0.6262175707652237,-0.529409546156745,-0.8958066384643495,-0.8846991028502438,-0.43748056252062956,-0.6395980051361768,-0.8041159515087823,-0.8175068661323971,-1.0325430344918596,0.6260960055953572,-0.819960467291519,-0.09120291173019011,0.17139058900598098,2.3066768604092953,-0.5549520223742463,-0.9235911241597288,-0.6262487960805072,17.802623691133356,13.373114229931911,17.03465126715607,5.727658020641936,18.04279877978182,12.339391533347852,5.031414055712323,4.895671592019217,0.26236426446749106,0.832909122935104,0.7884573603642702,1.62924053973028,1.1939224684724346,0.14818170209275622,0.33647223662121295,2.5877640352277083,0.001020774055869215,-0.3813092406477593,0.7722647549566953,0.26015724725018746,-0.017321374166049876
45,HERTFORD,364.03642977,1.4181303341133529,0.8284804410934214,1.5839613318685721,0.8351179582091571,-0.027523479184284484,-0.8734551903566835,1.3033930824222233,0.6241717847647058,1.9428475078092822,0.38906840850350227,-0.8513854240554406,1.2738043522437987,0.9428569072360462,2.4103141781734214,-0.8220828816722398,-0.06161552644387172,-0.6795391858990038,1.2933780006646383,-0.15431099084740857,0.41635767969578014,0.42131312806377913,-0.46917116645452084,17.157790059246985,16.59133147107261,15.777052536403968,4.0974461508741165,16.585995222903016,13.107705039533075,3.3648934928588647,3.204855711666044,0.7419373447293773,0.7419373447293773,2.3702437414678603,0.832909122935104,0.4700036292457355,0.03584514500140841,0.18232155679395465,2.468099531471619,0.00254208320406508,-0.27378260452961295,0.06505996042560032,1.3354738692176291,-0.9526755791327431
46,HOKE,395.63196348,-0.019467470267659395,0.3863294385085401,1.2155446825024268,-0.4094691628179023,-1.9439731409048113,2.3759535242739203,0.46210662995974666,0.6732033468043526,1.631194073768653,0.2827978265146855,0.31344538000051025,-0.2160252995033348,-0.6809269181986388,0.8082547087762558,1.6156849118948815,2.6873848841288503,-1.0849850202179738,0.08111440804808931,-0.6561974514276795,-0.3846790777499622,0.2733226242649311,-0.9471283714152994,16.646516265909025,15.049060044457676,15.547257649674961,4.88710513684835,16.699711056917668,12.428921847296525,3.9719373494044907,3.8788511789835427,2.0794415416798357,0.8754687373538999,1.1631508098056809,0.9555114450274363,1.1939224684724346,0.04858284229487006,0.6418538861723948,2.4849066497880004,0.0012822953684612567,-0.3900370240438445,-0.7516103420166217,0.0,-1.36838855911794
47,HYDE,1473.76956987,1.6577299681768551,1.6575135709400737,2.3668467117716316,1.556978488404851,0.5841093915775858,-0.23770131140721756,0.6724282430753659,-0.20936476990929223,0.5489066937366501,0.4126840933899059,-2.2280036470306555,-1.3922066035142298,1.792687694379433,0.5632338487508072,1.0605496717756364,-1.1043398201093868,0.1973549937941783,1.561110506790516,0.816344905258744,3.7497842293551065,2.36945154610807,-1.8563595450872825,17.10259367935521,16.804772206965662,14.314085324949152,1.411700722301304,13.680367112940488,11.735942500232294,1.7577904729936966,1.4514773097959404,0.4700036292457355,0.0,2.6878474937846906,0.0,1.0647107369924282,0.07098283426494086,0.0,2.6946271807700692,0.009195803146466626,3.492492448209222,-0.012718163616515664,1.7170378318512374,0.2944633608228479
48,IREDELL,603.4235106900001,-1.4420902975197032,-0.6085103173074436,-0.8337729295967602,-0.9073040112287258,-0.8634217358921735,0.7512491669586183,-1.430787888080828,-0.16033320786964547,-0.4483842951933631,-0.7681001509302824,0.10165796108124672,-0.9609401253769018,-1.4852310560307724,-0.5110883836684684,0.07096076547611194,-0.06161552644387172,0.470503678180736,-1.4593067250750362,-1.2236731964409693,-0.5578054579411157,-0.7927126859320174,-0.3076580719984912,17.63441179076532,13.362814158921731,17.214774579776062,5.73727307985229,18.126550068571863,12.39188674365849,4.941757644932272,4.843085271470938,0.09531017980432487,1.252762968495368,0.5877866649021191,1.9740810260220096,1.0296194171811583,0.13044782488714549,0.33647223662121295,2.33214389523559,0.001081946408648105,-0.3900370240438445,0.6368732056981969,-1.5782872999844708,0.8141045858043442
49,JACKSON,499.86901146,0.4896817521172823,0.10998506189298918,-0.327200036718309,-0.5090361325000671,-0.027523479184284484,-1.3326107695979634,-1.0101446618495897,-0.6016172662264676,-0.7430384510135942,-0.283978610759005,0.9488076367583018,-0.37284947337145424,0.9276813574656289,-1.1079340683458438,-0.3634929007041673,0.3175569439799523,-0.12566333226924323,1.0194695394518185,1.2952335717479617,-0.5477435944757044,-0.9469847408354264,2.3806902501424574,17.622768460741707,13.007133744518264,16.983107912380742,4.468027461882167,16.834221491688485,10.308135280980718,4.023749481123778,3.614052811521777,2.128231705849268,0.7419373447293773,2.2300144001592104,1.8082887711792655,1.0986122886681098,0.051013407591545865,0.26236426446749106,2.7788192719904172,0.0018728676964939934,-0.3900370240438445,0.6224698493941009,1.1620357043841707,-0.08660687083024937
50,JOHNSTON,803.67649869,-0.9928409836506367,-1.105930195215435,-0.3962781584744615,-0.5588196173411493,-1.413891319577857,1.5989210055579055,-1.1303284407728003,-0.16033320786964547,0.10125903393283747,-0.46109624740703326,0.8429139272986699,-0.6472917776406631,-0.18013377577485729,-0.19695907594353418,1.567412282319295,0.1279707087680403,0.20833742208961037,-1.0511901953779532,-0.052317581519694324,-0.5207460430382252,0.29316838873410306,-0.08049777275296989,17.906659222866626,15.3635001146896,17.244515711741062,5.5956392957776595,17.61024390543986,12.969070721880854,4.68833393764896,4.617434668425882,0.18232155679395465,0.5306282510621704,0.5877866649021191,1.4816045409242156,1.2809338454620642,0.10385827737089566,0.26236426446749106,2.501435951739211,0.0011731066191056991,-0.3900370240438445,0.8529235502596301,-1.2140671538342083,0.32910610915494765
51,JONES,478.47882537,0.7143064090518155,-0.49797256666122314,-0.3962781584744615,0.3621748522188742,0.543333866860128,-0.6615372307068611,1.1832093034990128,-1.091932886622937,0.25991896398988484,1.5816604952668927,-0.7454917145958089,0.8033318306394407,1.0187346560881343,0.5129731595148176,-0.5565834190065135,0.03317759116208428,-0.5828596527782387,1.69947420326716,0.26456775002385347,2.2482616891448157,1.7685918236076896,0.9922535218888807,17.043034572409425,16.79289656778646,15.06230665301343,3.003425238692725,15.063969270230553,13.261837627275726,2.3892416352266523,2.2075567014235027,0.5306282510621704,0.6931471805599453,0.9162907318741551,0.7884573603642702,0.09531017980432487,0.027870821763821427,0.0,2.6026896854443837,0.005910943059967319,-0.3900370240438445,-0.10057863707149904,1.647662565917854,-0.6755335924759451
52,LEE,261.81976938,0.16023225527996707,-0.2768970653687822,0.24845097791629395,0.5364170491626626,-0.7614829240985285,1.2104047461998992,0.2517850168441264,1.065455843121528,0.5319074155162519,-0.5319433020662447,1.2664887651371974,-0.6864978211076929,1.0946124049402224,-0.07130735285356044,2.894909595647926,0.2227638263739963,-0.3968379485367783,0.34326306076790686,-0.7388928196413742,-0.45548063200848876,-0.17100882795963893,-0.44550749811748835,17.136776729827687,15.124845309032173,16.50174352218633,5.491498122853653,17.81793800591644,12.4968192802703,4.655212912950034,4.556933809250931,0.09531017980432487,0.7419373447293773,0.9555114450274363,1.667706820558076,1.8562979903656263,0.09703569827602535,0.09531017980432487,2.6878474937846906,0.0012168984928086527,-0.3900370240438445,0.034812912186999403,0.45093922856699165,-0.3637488574870474
53,LENOIR,405.41682207,1.642754991047886,0.773211565770311,1.1004144795755062,1.2831693217788975,0.07441533260936058,0.7159295070169808,2.0545417006922926,1.8989923977955265,1.0418857621281905,0.4126840933899059,1.160595055677566,1.1169801783756794,0.5634681629756058,1.2731660842091588,0.07096076547611194,-0.1564086440498273,0.36604221133647397,0.9872440492561435,-0.24495368022063074,-0.017808221089297117,0.7948791462609764,-0.313441473755767,17.833136221413458,16.9450893289468,16.792607745729924,4.919536338968659,17.29829077930745,13.804367659329866,4.217375453192011,4.056853522412666,0.09531017980432487,0.5877866649021191,1.1939224684724346,1.7047480922384253,1.0647107369924282,0.0935640776721572,0.09531017980432487,2.468099531471619,0.0019772326939378306,-0.3900370240438445,0.8097134813473437,1.2314109703175542,0.6408908441438455
54,LINCOLN,307.94012223000004,-1.5019902060355788,-0.7190480679536636,-1.3633718630605942,-0.6334948446027729,-0.3945032016414061,0.15081494795078978,-0.40922576723353427,-1.0429013245832903,-0.9470297896583697,-0.15409234388378454,0.31344538000051025,-0.9217340819098719,-1.0906667619999144,-0.8754783806293924,-0.0979934380384413,-0.5355811144736513,0.5272280282912297,-0.7703493316095474,-1.2099735747382578,-0.5584598142131096,-0.836252124727799,0.029729737088075518,17.339142879449867,12.872443997577433,16.98671414304281,5.644125102373842,18.25825670530642,12.323005738448074,4.855785235082454,4.7791258449726195,0.18232155679395465,0.5877866649021191,0.5877866649021191,1.1314021114911006,0.7884573603642702,0.13518534531830367,0.18232155679395465,2.2512917986064953,0.001184708679463355,-0.3900370240438445,0.31855903137768304,-0.9539099065840208,0.9526755791327431
55,MCDOWELL,449.84722263,0.08535736963512267,-0.11109043939945175,-1.8238926747682767,0.2626078825367098,0.013252045533174118,-0.2730209713488538,0.7625660772677744,-0.258396331948939,-1.139688276156213,1.0857311126524132,0.31344538000051025,0.2544472221010233,0.36618601596017714,-1.001130103719366,-0.3634929007041673,-1.1043398201093868,-0.47361834364321825,0.08347852488622755,0.43181938712857204,-0.5537203061053896,-0.910949028856527,1.8227258267716506,16.894725113288466,12.378309345434275,16.525054648187222,4.604950642020371,16.776069500739354,11.16211497918922,3.90152348222953,3.745533197331857,0.33647223662121295,0.7419373447293773,1.4350845252893227,1.0296194171811583,0.7884573603642702,0.06149106289058303,0.0,2.6100697927420065,0.0017371323614776824,-0.3900370240438445,-0.3396743517194866,0.12140671538342082,-0.6062480958117457
56,MACON,524.92001874,0.22013216379584238,-1.2164679458616554,-0.6035125237429191,-0.5588196173411493,1.6850485589489528,-0.9087748502983197,0.10155529319011258,-1.288059134781525,-1.202018962964339,-0.390249192747822,-0.8513854240554406,0.2544472221010233,0.3965371155010123,-1.164477343736332,-0.025584493675061278,-0.819960467291519,-0.8048190221232505,0.40500125970778283,0.5539421677956033,-0.5450770327136575,-0.9248067127358072,0.6971057935340658,17.339273713357827,12.965697905218674,16.458860810532578,4.2687948385245,16.734497860247053,9.864737095883546,3.9746330497996634,3.547353312508006,0.26236426446749106,0.6418538861723948,0.6418538861723948,0.832909122935104,1.2237754316221157,0.054874847114690026,0.18232155679395465,2.803360380906535,0.0015251296719482196,-0.3900370240438445,0.31999936700809306,0.45093922856699165,-1.1258893207932419
57,MADISON,456.04201188,-0.46871678413672585,-2.211307701677639,-0.8107468890113758,-0.4094691628179023,0.4821705797839408,-0.9794141701815935,0.5822904088829574,-1.189996010702231,-1.485340266637638,0.5425703602651268,0.31344538000051025,-0.4904676037725437,0.4572393145826825,-1.1581947575818332,-1.2806728626403119,-0.725167349685563,0.10649918594383913,-0.8268444166112913,-0.193157279874798,-0.5621490863831965,-0.9867588285339246,1.4525416303339946,16.06261770768166,10.4594195650372,15.65409921989927,3.858004481053083,16.045606931402162,11.341471244144635,3.2453225345206693,2.9850342059459636,0.18232155679395465,0.33647223662121295,1.7227665977411035,1.0296194171811583,0.0,0.03861106327062525,0.5877866649021191,2.302585092994046,0.001599047422042433,-0.3900370240438445,-1.782890653389868,-0.9539099065840208,0.15589236749444912
58,MARTIN,461.31116811,0.6094815691490335,2.1549334488480656,0.6168676272824394,1.308061064199439,0.7675992528061474,-0.02578335175739514,1.3033930824222233,0.5751402227250586,0.8718929799242109,0.5425703602651268,-0.21602316729764928,1.3914224826448887,0.5938192625164415,1.3862526349901354,-0.8703555112478261,-0.725167349685563,0.60138932949669,-0.11539591314557061,0.17596891731221637,0.3872537289313248,0.3544860887700234,0.3097835179822615,17.06958118602017,16.38343012639154,15.900633992903819,3.8852096424834968,16.51920184962576,12.463653593166994,3.23229149476683,3.0655582829137162,0.09531017980432487,0.4700036292457355,0.5306282510621704,1.308332819650179,0.7419373447293773,0.04644696679993271,0.0,2.2192034840549946,0.002750068987301318,-0.3900370240438445,-0.05736856815921267,-0.08671908241672917,1.0566038241290423
59,MECKLENBURG,551.5924514100001,-1.1425907549403256,-0.6637791926305536,0.9852842766485855,-0.9073040112287258,-1.8216465667524373,0.9278474666668032,-2.5424878431205307,0.5751402227250586,1.217544970405636,-2.0433471347960857,0.41933908946014226,-0.059201125635215665,-1.5307577053420254,0.7140159164587756,1.4225943935925356,0.41235006158590787,0.66100710727434,-1.4178344496033242,0.27814273327712263,-0.5548322128601777,-0.6561337652185213,0.8917197980156312,19.43421125903691,15.066867870811675,19.21896878443401,7.611774843319522,19.863526706125093,9.218444085532758,6.82460906226246,6.749815744708648,0.18232155679395465,1.9740810260220096,0.832909122935104,3.242592351485517,1.7749523509116738,0.3151093781805771,0.33647223662121295,2.5257286443082556,0.0013531033200769814,-0.3900370240438445,1.3743250484678922,-1.5782872999844708,1.0912465724611422
60,MITCHELL,224.12066625,-0.7532413495871348,0.33106056318542965,-1.133111457206753,-0.6334948446027729,0.9307013516759796,-0.7674962105317723,0.6123363536137605,-0.5525857041868208,-1.3890110233887165,-0.11866881655417881,-1.0631728429747045,1.03856809144162,0.4117126652714296,-1.1770425160453293,-0.4841744746431337,-1.3887191729272546,0.32859364794670526,-0.13609511155583107,0.7926821566067449,-0.5498773325624519,-0.9549218941188349,1.6517941831248724,15.957482805563403,11.47036196857946,15.428393983987336,4.211597034843285,16.464975370806744,9.510007315452265,3.6929652270278974,3.4106049437807497,0.26236426446749106,0.26236426446749106,1.2809338454620642,1.1631508098056809,0.4700036292457355,0.04690746540878001,0.0,2.451005098112319,0.0016714280501953283,-0.3900370240438445,-1.9370065658436912,-0.20812579780015,0.5023198508154464
61,MONTGOMERY,506.5953282,0.17520723240893615,-1.4375434471540962,-1.4785020659875148,0.8351179582091571,0.13557861968554774,0.29209358771733723,0.4320606852289435,0.5261086606854118,0.23158683362255494,0.7669193666859624,0.31344538000051025,-0.5296736472395734,0.9276813574656289,-0.15298097286204318,1.9053206893484012,-0.5355811144736513,-0.8539144184474775,0.43517158490037094,-1.0585531292031138,-0.40043685851637156,-0.3520532877793374,-0.20652903996030605,16.607488926283423,15.021954584629594,15.918827242539727,3.946893003664927,16.460715223615324,12.805511436513497,3.4457236009034844,3.0124567077660402,0.4054651081081644,0.9162907318741551,1.5040773967762742,0.26236426446749106,1.5040773967762742,0.03472400467122466,0.18232155679395465,2.7013612129514133,0.0014064522253271516,-0.3900370240438445,-0.8049027603417751,0.45093922856699165,-1.2644603141216408
62,MOORE,712.8014244000001,-1.4271153203907345,-0.6085103173074436,-0.7877208484259913,-1.380247117219008,0.7268237280886894,0.39805256754224844,-0.6796392698107587,-1.1409644486625843,-0.5503799645157509,-0.8271393631462918,-0.9572791335150727,-0.6080857341736331,-0.9085601647549031,-0.580196831367954,-0.1704023824018211,1.0759018848275994,0.3812423785381267,-0.7571740872718818,-0.9032905002418331,-0.4464841915295851,-0.15861673644495028,-0.9134837934427807,17.412743277433794,15.602787857558411,16.691238227607084,4.947164673971028,17.440645209509842,12.512030207015782,4.257864700255237,4.109114735582082,0.33647223662121295,0.832909122935104,0.832909122935104,1.5260563034950494,1.0296194171811583,0.07097043222359382,0.33647223662121295,2.2300144001592104,0.001101504082317419,-0.3900370240438445,0.4035388335718477,-0.8498470076839458,0.7101763408080449
63,NASH,548.3078835,-0.21414217294425494,0.3863294385085401,0.4096332620139826,0.163040912854545,-0.35372767692394824,0.5393312073087959,-0.43927171196433695,0.6241717847647058,1.0645514664220548,-0.2721707683158034,1.0547013462179338,0.45047743943617247,0.04749947078140697,1.310861601136151,-0.12212975282623449,-0.34599487926173933,0.260324066979202,-0.13283751814218347,-0.21600934793716134,-0.41280829305028,0.14815068847559823,-0.010587107130660944,17.62838387364927,15.838441703052233,16.945763052138183,5.159576476270056,17.40960258023127,13.017134991805971,4.396377999636749,4.261687858646444,0.4054651081081644,0.5877866649021191,1.0986122886681098,1.589235205116581,0.7884573603642702,0.07780949019040341,0.4054651081081644,2.533696813957432,0.0013950275591800869,-0.3900370240438445,0.6282311919157388,-0.20812579780015,0.4330343541512469
64,NEW HANOVER,332.17913547,-0.6783664639422905,-0.49797256666122314,1.3767269666001154,-1.5544893141627965,-0.4148909640001354,-0.8381355304150461,-1.3706959986192226,-0.7487119523454083,-0.5730456688096147,-1.9370765528072686,-1.2749602618939684,0.21524117863399325,-1.3183000085561787,-0.479675452895975,-0.4600381598553405,0.6019362967978199,1.995924454248766,-1.408800128561617,0.7414576050663895,1.5017487155015574,2.1475541993975917,-0.3557710736631175,19.224709753364394,18.87599360774429,17.503954239520752,6.521182027007526,18.970118425639182,9.836629744741499,6.392276206168715,6.255775767100737,0.18232155679395465,0.832909122935104,1.3609765531356006,2.8735646395797834,0.7419373447293773,0.1582268940790478,0.33647223662121295,2.4423470353692043,0.0044426645145501376,2.4455067304616773,1.3311149795556052,-1.4048491351510124,1.6108877974426383
65,NORTHAMPTON,556.11033777,0.9539060431153173,1.049555942385862,0.7550238707947444,0.9346849278913214,1.440395410644205,-0.9794141701815935,0.7325201325369711,-0.6016172662264676,1.568863386960527,0.8259585789019719,-0.4278105862169131,0.9209499610405302,2.8549761783086662,2.152728145838975,-1.3048091774281054,1.2654881200395116,-0.7826857454354348,1.665316645493903,-0.0009818736046688073,-0.388978739915921,0.25146362053482246,-0.24859689842394522,16.49747861058658,15.113058730171888,15.591581287325715,3.476721902433301,15.836533350414147,12.487307620713326,3.037202289801064,2.7017023529128625,0.18232155679395465,0.09531017980432487,1.667706820558076,0.4700036292457355,0.26236426446749106,0.0384859310712396,0.18232155679395465,2.501435951739211,0.0013466704337534447,-0.3900370240438445,-1.0195127692727999,1.5782872999844708,-1.0912465724611422
66,ONSLOW,914.33174898,-0.13926728729941054,0.3863294385085401,1.630013413039341,-1.1811131778546786,-2.2294018139270175,1.3870030459080842,-0.07872037519470339,0.5751402227250586,0.07859332963897322,-0.6618295689414654,-0.4278105862169131,-0.7649099080417526,-1.3790022076378492,-0.3854366605784947,1.277776504865776,2.6873848841288503,-0.07209096549677733,-1.530467542361093,0.4704399801294319,2.6685592249805916,2.143850965020098,-0.7883366787628004,19.00814057881974,18.773541743562586,16.759885236481672,5.407011636435915,17.427026614820996,12.39506849427119,4.717790739857761,4.54517903423771,0.26236426446749106,1.0296194171811583,2.4069451083182885,2.066862759472976,0.6418538861723948,0.06982726248739218,0.09531017980432487,2.424802725718295,0.00616354299860039,0.8181605656374424,1.2792628968608601,-1.5782872999844708,0.017321374166049876
67,ORANGE,405.00751785,-1.1875156863272323,-0.9953924445692147,0.38660722142859816,-1.5295975717422554,-1.0469115971207346,-0.4142996111154025,-2.482395953658925,-0.8958066384643495,-0.10839873078540407,-1.4293393277495878,0.20755167054087825,-0.41205551683848396,-1.5611088048828605,-0.561349072904458,0.16750602462728473,0.6019362967978199,2.2703274855581905,-1.49255232007025,-0.6265182085698652,-0.5034388657980423,-0.5665057387487973,0.9379257642767161,17.55334641521698,14.745502523437166,17.151432211466513,5.907688617545279,18.1307682039461,11.694250924253613,5.0432662684175416,4.94656176890772,0.26236426446749106,2.174751721484161,2.1972245773362196,2.791165107812717,1.308332819650179,0.09534451275164602,0.4054651081081644,1.9878743481543455,0.0014772211283525453,-0.3900370240438445,0.5590950816560804,-1.5782872999844708,1.680173294106838
68,PAMLICO,567.29685558,-0.12429231017044146,-0.6085103173074436,-0.11996567144985225,-0.6832783294438551,1.990864994329888,-2.0743236283723405,1.3033930824222233,-1.9745010033365817,-0.4143857387525671,0.49533899049231905,-1.9103225186517596,-0.37284947337145424,-0.16495822600443946,-0.02104666361757088,-0.846219196460033,-1.1991329377153426,1.1714944690191909,0.569305934907735,0.7381091374957327,2.824606611618953,2.4109836516317222,-1.7632662116176425,17.294355752429052,17.11340683888198,14.624426992304528,3.114777234262344,15.66805299350475,10.87911550903712,3.109667616731751,2.7877532487943566,0.09531017980432487,0.4700036292457355,2.0541237336955462,0.6418538861723948,0.832909122935104,0.033494856793808314,0.09531017980432487,2.33214389523559,0.006268954633605327,2.6799151360333564,0.2551842636396625,0.7804717417505624,1.40303130745004
69,PASQUOTANK,292.25102946000004,-0.7232913953291967,0.0547161865698787,1.1234405201608897,-0.6086031021822315,-0.5983808252286962,0.43337222748388593,-0.43927171196433695,0.4280455366061179,0.7302323280875613,-0.5319433020662447,-1.592641390272864,0.17603513516696354,-0.7568046670507269,0.9778845349477207,-0.4359018450675471,0.3175569439799523,1.0908452476573884,-0.29213698001232336,-0.2040311812111532,0.06042092791697772,0.9314476239854003,-0.9383562918254904,16.868811333780886,16.126588580031214,15.668023778680825,4.937579615976895,17.162134483905962,12.278953260011615,4.355319605409409,4.233744260331762,0.09531017980432487,0.832909122935104,1.916922612182061,1.7047480922384253,0.7419373447293773,0.09593640066539783,0.18232155679395465,2.4595888418037104,0.0018796413349031426,1.4267743652757439,-0.3641600574364492,-0.3642201461502625,1.2991030624537407
70,PENDER,943.59672381,-1.0677158692954811,0.3863294385085401,-0.6956166860844551,-0.7330618142849373,-0.5168297757937804,0.6099705271920708,-0.1688582093871119,-0.6996803903057616,-0.4200521648260332,0.49533899049231905,0.31344538000051025,-1.0393522123109613,-0.6505758186578033,-0.39171924673299335,-0.04972080846285468,0.9811087672216435,0.8948705600942052,-0.9295552516931196,0.5406373156185463,1.4722527139345163,1.967847167426753,0.4288136723486621,18.025830369365103,17.584957309500407,16.417687981830436,4.171199767814056,16.391761910152198,12.518403105020061,3.5767264648862875,3.3212010130888,0.18232155679395465,0.4054651081081644,1.0647107369924282,1.4586150226995167,0.7419373447293773,0.038647342282032766,0.26236426446749106,2.33214389523559,0.00481970783872136,0.11943699272131612,0.9148579823672419,-1.0926604384507874,1.1605320691253416
71,PERQUIMANS,332.25237669,-0.5136417155236326,-0.3874348160150027,0.08726869381860447,0.2128243976956272,1.54233422243785,-0.6262175707652237,1.3033930824222233,0.1828877264078832,-0.22739367832818982,0.6960723120267513,-0.7454917145958089,-0.6864978211076929,0.1385527694039129,0.20512643794438198,-1.1599912887013455,0.1279707087680403,0.14211004404406588,0.11801871466888815,-0.2228170848124699,0.7475246511155407,0.856188793244301,-1.0085522068083888,16.325536007995574,15.826538884514566,14.505719855419867,3.6920465185071674,15.825035272212533,12.519181786845992,3.365224949705429,3.1581394338265434,0.0,0.33647223662121295,0.5306282510621704,0.9555114450274363,0.18232155679395465,0.0486785907703992,0.0,2.4595888418037104,0.002969158324699786,1.6644850048240156,-1.3162219091371699,0.20812579780015,0.22517786415864813
72,PERSON,408.47051622,-0.1692172415573482,-1.105930195215435,-0.004835468522931666,-0.2850104507151964,-0.04791124154301306,0.08017562806751606,1.0930714693066041,-0.16033320786964547,0.055927625345109366,0.10568018986665723,-0.5337042956765449,-0.2160252995033348,-0.392591472560704,0.3747562641158465,-0.7496739373088597,0.5071431791918639,-0.17749268562983347,0.3914282329619134,-0.16051931206717945,-0.5244494218796351,-0.6476618196455605,-0.22244008488954947,16.423273038683288,13.556040357312739,15.887938847981246,4.571344286637754,16.680076751311162,11.727023336249278,3.86758613740961,3.740885846517074,0.09531017980432487,0.33647223662121295,0.7884573603642702,0.7419373447293773,0.33647223662121295,0.05404638743893168,0.09531017980432487,2.2407096892759584,0.0011153858098795029,-0.3900370240438445,-1.1405009622272035,0.45093922856699165,-0.19053511582654864
73,PITT,662.16849972,0.5945065920200644,0.9942870670627519,1.3997530071854998,-0.7330618142849373,-1.311952507784212,0.29209358771733723,-0.529409546156745,1.3596452153594094,0.7642308845283573,-0.9216021026919067,-0.11012945783801728,1.3522164391778582,-0.4988203209536272,0.9716019487932218,-0.3152202711285807,0.1279707087680403,1.3698934014941404,-0.7342109854175212,-0.10816293530358619,-0.08211378192052908,0.6789859658799051,-0.10932810225498825,18.27252393439366,17.262675293247675,17.312152620753977,5.550431774584824,17.825519268830384,13.063665478585957,4.826713964513949,4.714939598704787,0.18232155679395465,0.9932517730102833,1.5686159179138452,2.772588722239781,0.8754687373538999,0.10735742019698159,0.18232155679395465,2.4069451083182885,0.0018920212785431608,-0.3900370240438445,1.0459285247345123,-0.6590650263671416,1.5069595524463393
74,POLK,240.85243923,-0.9479160522637299,-0.774316943276774,-1.0179812542798325,-1.380247117219008,2.276293667352094,-1.650487709072697,0.46210662995974666,-1.4351538209004657,-1.0716911632746213,-0.709060938714273,-0.11012945783801728,-0.8041159515087823,0.19925496848558313,-0.9194564837108832,-0.5083107894309269,-1.1043398201093868,-0.48849709915773737,0.8490037809997384,1.4932767510613973,-0.5424927019981066,-0.917248790353113,0.34909566303218326,16.313557146910664,12.378286009615175,15.651148090734692,4.395361384841438,16.70240094015255,10.4711171468218,3.84542849434872,3.6091281360580467,0.09531017980432487,0.18232155679395465,0.9932517730102833,1.5260563034950494,0.6418538861723948,0.0640941409007479,0.9555114450274363,2.388762789235098,0.0013846044660461014,-0.3900370240438445,-1.3493496286365891,0.8671908241672917,-0.6408908441438455
75,RANDOLPH,797.93846769,-0.0943423559125038,-0.9953924445692147,-0.7186427266698396,0.8102262157886155,-0.5168297757937804,0.6452901871337071,0.1916931273825211,-0.4054910180678802,-0.6127106513238766,0.17652724452586827,0.20755167054087825,-0.8041159515087823,-0.4988203209536272,-0.881760966783891,1.0605496717756364,0.3175569439799523,-0.8106609842615723,-0.4321861592259591,-1.1021179510564663,-0.5147300778644447,-0.5808205063255151,-0.25709107126422115,17.62964167758369,15.092537613592894,17.107827872656067,5.201856930396134,17.416532853428787,13.027658208545988,4.389128957700597,4.28285369063241,0.09531017980432487,0.7884573603642702,0.7419373447293773,1.3609765531356006,1.2809338454620642,0.08906399115217067,0.18232155679395465,2.631888840136646,0.001144183526095434,-0.3900370240438445,0.6296715275461489,-0.46828304505033747,-1.1605320691253416
76,RICHMOND,484.54560219,1.612805036789949,2.1549334488480656,1.2846228042585792,1.133818867255651,-0.5372175381525097,1.0338064464917145,-0.10876631992550659,2.340276456152348,0.6225702326917077,0.211950771855474,1.6900636029757254,1.9403070911833058,0.35101046618975934,0.7705591918492639,-0.21867501197740769,-0.5355811144736513,-0.38045289765158474,0.5752180202587428,-0.9074039846358583,-0.4311287149457866,-0.0031444690703989063,-0.6991809106852003,16.938271436413956,15.310947877053717,15.981392872234043,4.495107902912779,16.72130618944953,13.127702446496064,3.7549484686980468,3.585035608613424,1.1939224684724346,0.5306282510621704,1.3609765531356006,1.2237754316221157,0.6931471805599453,0.05396276582296825,0.18232155679395465,2.424802725718295,0.0012859993243268756,-0.3900370240438445,-0.2705382414598281,0.6764088428504874,-0.32910610915494765
77,ROBESON,958.83774441,2.39150384749633,0.3863294385085401,0.4096332620139826,2.204163791338922,-0.9857483100445479,1.5989210055579055,0.13160123792091577,1.9480239598351732,2.396161593686561,2.2074761447565923,2.219532150273885,0.8817439175735005,1.8078632441498508,0.24910454102587273,0.33646022814183796,-0.6303742320796069,-1.2128863275451551,1.9019761015273415,-0.2388374834488038,-0.12050307240880101,0.44481696395423886,-0.6916680148441819,18.45587145694051,17.297692196246977,17.200799708160776,4.807388926480993,16.886536078770977,13.157672109923324,3.961322655494453,3.8259011904041373,3.708682081410116,0.4700036292457355,1.3862943611198906,1.0986122886681098,1.1631508098056809,0.06969731551138453,0.18232155679395465,2.740840023925201,0.0018430703318132245,-0.3900370240438445,1.1035419499508947,1.6823501988845457,-1.4376740557821397
78,ROCKINGHAM,578.54217096,0.3848569122145003,0.4415983138316501,-0.004835468522931666,0.9097931854707799,0.054027570250632,-0.09642267164066885,0.31187690630573284,0.1828877264078832,-0.25572580869551975,-0.1422845014405825,-0.5337042956765449,0.4896834829032021,0.7607503099910349,-0.1341332143985473,-0.3634929007041673,0.6967294144037759,-0.41399952875296037,-0.01619654076621897,-0.32748358870590405,-0.5269261694124711,-0.6802894327282937,0.1264577562585961,17.275145472561828,14.321977806637978,16.966127716962674,5.065314012134877,17.38479572866373,11.373094816988996,4.357424098419564,4.2403985108382525,0.09531017980432487,0.4700036292457355,0.9162907318741551,1.791759469228055,0.8754687373538999,0.09190375128183456,0.4054651081081644,2.3978952727983707,0.0011838368231676408,-0.3900370240438445,0.233579229183519,0.0,-0.3983916058191471
79,ROWAN,529.24051323,0.025457461119247352,0.33106056318542965,-0.41930419905984595,-0.036093026509784604,-0.5779930628699677,0.5746508672504334,-0.31908793304112576,0.08482460232858922,-0.2160608261812577,-0.18951587121338986,0.7370202178390378,0.058417004765874116,-0.787155766591562,-0.23465459287052617,0.43300548729301114,-0.06161552644387172,0.24903981560681535,-0.6805922894604504,-0.6671857970380771,-0.5539484215609931,-0.6806790276131905,0.10355878372677887,17.762996393775524,13.549929935974163,17.103563327119698,5.628832771195813,17.783187249339957,12.200908259050987,4.829383496040323,4.715516598189691,0.09531017980432487,0.7419373447293773,1.3862943611198906,1.547562508716013,1.2237754316221157,0.12423901447319378,0.09531017980432487,2.468099531471619,0.001245339580333148,-0.3900370240438445,0.7333756929356371,-0.6590650263671416,0.3637488574870474
80,RUTHERFORD,572.97592911,0.6094815691490335,0.16525393721609916,-0.9258770919382964,0.3372831097983331,0.2375174314791928,-0.06110301169903263,1.393530916614632,0.23191928844753038,-0.8676998246298459,-0.05962960433816939,1.0547013462179338,0.09762304823290381,0.2447816177968361,-0.6870007959944318,-0.7255376225210665,0.3175569439799523,-0.624043080101732,0.3313866941389758,-0.700852005585542,-0.5526036202036777,-0.8938318743007463,0.6340830932393486,17.306057334205533,13.012205097791437,16.793962484145155,4.730559736648834,17.008638720753396,11.53394012111322,4.072870318033652,3.8599917656753524,0.09531017980432487,0.4054651081081644,1.0986122886681098,0.832909122935104,0.5306282510621704,0.07438897024430828,0.4054651081081644,2.5572273113676265,0.0014040276372611574,-0.3900370240438445,0.26958761994375796,0.3295325131835708,-0.7448190891401447
81,SAMPSON,957.39944196,0.894006134599442,-0.0005526887532312864,-0.07391359027908419,1.1587106096761917,-0.4964420134350512,1.3516833859664468,-0.7397311592723647,-0.013238521750704304,0.951222944952735,1.9713192958925545,2.1136384408142526,-0.2552313429703648,0.6848725611389468,0.34334333334335304,3.1362727435258586,-0.819960467291519,-1.5954274015729921,1.2429173811371421,-0.43092550550786607,0.48731849956205436,0.5479851644564354,-1.1998567036898427,18.308354463119056,17.861943267262973,16.41184933737923,4.1375190729967,16.505420988073613,14.334268451096744,3.337660787794398,3.162007882343883,0.8754687373538999,0.4700036292457355,1.1631508098056809,1.2237754316221157,1.7047480922384253,0.04815258703574518,0.18232155679395465,2.8213788864092133,0.0025829184354453113,-0.3900370240438445,1.0632125522994271,1.0753166219674417,-1.5762450491105386
82,SCOTLAND,323.86069365000003,2.13692923630386,2.8181599527253884,0.8471280331362805,1.258277579358357,-0.5168297757937804,0.821888486841892,0.04146340372850726,2.046087083914467,1.4385355872708092,1.038499742879606,3.3843629543298355,2.2539554389195446,0.4117126652714296,1.2229053949731694,-1.0634460295501724,0.8863156496156875,-0.6618883915051246,1.6553297052603653,-0.7147021664598825,-0.3939979018366004,0.26018736244249685,-0.9409374783045681,17.013408735282347,15.440604795327678,15.94299984027581,4.667875222291036,16.957574223148935,13.007790564512597,3.8327666298397998,3.671298311943969,2.5257286443082556,0.33647223662121295,2.0014800002101243,1.1314021114911006,0.5306282510621704,0.048778898798456614,0.4054651081081644,2.5877640352277083,0.001353267225736125,-0.3900370240438445,-0.13946769909255768,1.6129749329511625,-0.8833900824685437
83,STANLY,408.89046042,-0.30399203571806843,-0.774316943276774,-0.7186427266698396,0.312391367377792,-0.33333991456521966,0.39805256754224844,0.16164718265171896,0.03579304028894246,-0.7430384510135942,-0.8861785753623012,0.7370202178390378,-0.13761321256927506,-0.5898736195761328,-0.5236535559774659,-0.7738102520966531,-0.5355811144736513,0.4104463394484695,-1.047672576411381,-0.9916746436495618,-0.5070418373487301,-0.5371695006883954,0.4828053282972496,16.874522981482084,14.200449737458642,16.42298213705203,5.035613901338732,17.319913530801504,12.558110774025307,4.267888204357274,4.113702525541066,0.0,1.0647107369924282,1.4816045409242156,0.4700036292457355,0.8754687373538999,0.08431440129931704,0.0,2.501435951739211,0.001412209679844829,-0.3900370240438445,-0.35695837928440144,-1.144691887900825,0.7794618374722444
84,STOKES,460.73678196,-0.603491578297446,-0.22162819004567222,-0.7646948078406077,-0.06098476893032569,0.2782929561966507,-0.6615372307068611,0.9728876903833935,-0.20936476990929223,-1.3153474844336586,0.5779938875947326,0.5252327989197743,-1.156970342712051,0.10820166986307722,-0.9571520006378753,-1.0634460295501724,-1.2939260553212986,-0.8884307614971018,-0.31053026404731326,-0.012604044031046832,-0.5346934709740265,-0.7499940441469568,0.24044481745496804,16.372868878551074,13.220871480998703,15.990615946420226,4.580784686548672,16.677353196927573,11.682962442913349,3.8788589856491216,3.7674186743651554,0.26236426446749106,0.0,0.7884573603642702,0.6931471805599453,0.18232155679395465,0.0690292112581528,0.4054651081081644,2.2617630984737906,0.001210966082635777,-0.3900370240438445,-1.2226000931605485,-0.4162515956003,-1.3337458107858404
85,SURRY,542.0744604600001,0.5046567292462515,-0.44270369133811266,-0.6956166860844551,1.308061064199439,0.013252045533174118,0.2214542678340635,0.7325201325369711,-0.258396331948939,-0.9073648071441078,0.5189546753787231,0.10165796108124672,-0.2552313429703648,0.6089948122868587,-1.007412689873865,0.8433228386854967,-1.3887191729272546,-0.6912799299634215,-0.08016297651381209,-1.3319877790025523,-0.5504865520127942,-0.8867675835043939,0.4000993070077879,17.33286285169681,13.484877479398419,16.717608982446922,4.887531844314147,17.14739186105983,13.211406144086768,4.158660109731807,4.0150587336396,0.18232155679395465,0.4700036292457355,0.9162907318741551,1.3609765531356006,1.1314021114911006,0.09052805074835821,0.09531017980432487,2.6100697927420065,0.0012481114795285428,-0.3900370240438445,0.30991701759522566,-0.3295325131835708,-0.9873183274648429
86,SWAIN,545.6983907700001,0.6094815691490335,0.9942870670627519,-1.4094239442313632,0.5364170491626626,-0.2721766274890325,0.7865688269002558,0.4020147404981403,0.86932959496294,0.40157961582653445,0.6134174149243379,2.7490006975720447,1.2345983087767691,1.1856657035627283,-1.1519121714273346,-0.2669476415529941,0.9811087672216435,-0.6721638352795458,1.4061898723067041,2.1631397948229334,-0.553843313016015,-0.9603069432892657,2.849256613551593,16.611522351261733,11.674417513002535,16.136910794406496,3.290381607207159,15.758038712751054,8.532027410246304,2.834032042826272,2.46561294957951,3.3638415951183864,0.4054651081081644,1.2237754316221157,0.18232155679395465,0.4054651081081644,0.018215251688947748,0.0,3.2188758248682006,0.0021186715295491744,-0.3900370240438445,-0.7977010821897274,1.4221929516343583,-0.9180328308006434
87,TRANSYLVANIA,384.16350219,-0.8131412581030102,-0.9401235692461045,-0.7646948078406077,-1.6291645414244198,2.133579330840991,-1.7211270289559706,-0.49936360142594227,-0.356459456028233,-1.3153474844336586,-0.5555589869526484,0.5252327989197743,-0.451261560305514,-0.5898736195761328,-0.9571520006378753,-1.0875823443379657,-0.9147535848974749,-0.1564182776163265,0.3982039397932083,4.175249752448037,-0.5551942648700955,-0.9277188577873999,0.07280497625998776,17.029355474433263,12.283937878721721,16.316020165418895,4.462579611174756,16.980076112664758,10.397053944210581,3.93977944323232,3.6618923892115838,0.18232155679395465,0.09531017980432487,1.5260563034950494,1.33500106673234,0.4700036292457355,0.07045534468025097,0.18232155679395465,2.681021528714291,0.001196861922968666,-0.3900370240438445,-0.11210132211477579,0.5723459439504125,-0.12124961916234912
88,TYRRELL,603.2045623500001,-0.03444244739662849,-0.9953924445692147,0.4787113837701351,2.4779729579648744,0.38023176799029573,-1.1560124698897785,1.0029336351141955,-0.356459456028233,0.537573841589718,1.4045428586188644,-0.8513854240554406,0.724919743705381,1.0490857556289699,0.8333850533942505,0.14336970983949152,-1.5783054081391663,0.0669635324658823,1.2957207168245368,0.24491006790769276,2.6383501494698063,1.8074927297714376,-1.1357014567525432,16.53714432433122,16.296620905590324,13.999796777470243,1.8531055908237555,14.455364005621076,12.23232375274781,1.7442082798130547,1.494525242708433,0.0,0.33647223662121295,3.0349529867072724,0.0,0.9932517730102833,0.10863119667851524,0.0,2.5877640352277083,0.0065171007819051505,2.359625547484149,-0.9374136383394548,1.5089120340510873,0.12124961916234912
89,UNION,646.1014493700001,-1.966214497033614,-0.774316943276774,-1.5245541471582837,-0.78284529912602,-1.5158301313715021,1.9874372649159127,-2.2119824510817003,-0.6016172662264676,-0.17639584366699584,-1.6182648068408179,0.31344538000051025,-1.1961763861790806,-1.6521621035053662,-0.5299361421319646,0.9157317830488768,0.2227638263739963,0.5055332288336158,-1.8677255454458515,-1.160528669415655,-0.5488148209898809,-0.4996728592516778,1.5830855404747266,18.2141973504301,14.667303671997638,17.803639979186006,5.911126551271145,18.287684254428626,13.77522692511311,4.905406873862234,4.850960935411544,0.09531017980432487,1.5686159179138452,0.7419373447293773,0.9932517730102833,1.2809338454620642,0.12795775266835374,0.33647223662121295,2.2823823856765264,0.0016863712441850603,-0.3900370240438445,1.0113604696046827,-1.5782872999844708,0.8833900824685437
90,VANCE,271.39794084,0.7292813861807846,0.717942690447201,1.1694926013316587,0.6359840188448275,-0.37411543928267754,1.1750850862582618,0.522198519421352,2.242213332073055,1.6085283694747887,0.5543782027083285,-0.11012945783801728,0.8033318306394407,0.30548381687850634,1.8385988381140406,0.11923339505169832,0.5071431791918639,-0.09909214582404512,0.7931244999920524,0.8810324808244029,-0.486318609530915,-0.37866259324759916,-1.0257781720550936,16.597442751566774,14.373844640868981,15.905271440440622,5.061533934246748,17.31916349822851,11.310101132331386,4.35455025728423,4.172538109321185,0.09531017980432487,0.6418538861723948,0.9555114450274363,1.0986122886681098,0.8754687373538999,0.07136456402862848,0.0,2.6026896854443837,0.0009469402131283244,-0.3900370240438445,-0.8308288016891473,0.8671908241672917,-0.05196412249814963
91,WAKE,865.66429404,-1.8014897486149564,-0.829585818599884,-0.2811479555475409,-1.6789480262655023,-1.6993199926000633,1.0691261064333506,-2.332166230004911,-0.16033320786964547,0.4695767287081264,-1.8898451830344614,-0.11012945783801728,-0.6864978211076929,-1.8039176012095421,-0.02104666361757088,0.5778233760197707,0.6019362967978199,1.8274169951244872,-2.150760518451613,-0.5391291304650363,-0.5345757417058755,-0.07904350864011213,0.22686217932152694,19.09456084311516,15.873779800763291,18.795152509215892,7.173542864084806,19.447346911755726,11.458370992596276,6.328390950456349,6.247666439115192,0.18232155679395465,2.186051276738094,1.0647107369924282,2.9806186357439426,1.252762968495368,0.2303298580073772,0.4054651081081644,2.2300144001592104,0.001209477305943327,-0.3900370240438445,1.3051889382082338,-1.5782872999844708,1.5762450491105386
92,WARREN,448.78587975,1.8973296022403574,2.3207400748173965,0.778049911380128,0.46174182190103896,1.1753544999807275,-0.8381355304150461,1.6338984744610543,1.4086767773990572,1.631194073768653,1.9358957685629492,-0.21602316729764928,1.8226889607822165,1.1856657035627283,1.7694903904145554,-0.9186281408234127,1.1706950024335552,-1.5531630348865064,1.4322483736937435,0.7272445389464048,-0.34419092293482995,-0.15361436564182013,-0.3060838096685576,16.664465331447342,15.153274966265943,15.930313009352249,3.749157249633754,16.445754695981364,11.653084043757055,3.319182242846098,2.9391502296478715,1.8082887711792655,0.4700036292457355,1.7404661748405046,0.7419373447293773,0.6931471805599453,0.030747046991679766,0.33647223662121295,2.501435951739211,0.0014037315738294602,-0.3900370240438445,-0.7228036294084301,1.2660986032842458,-1.541602300778439
93,WASHINGTON,426.167976,1.3582304255974775,3.8682685838644812,1.3767269666001154,0.3621748522188742,1.1141912129045404,-0.06110301169903263,2.114633590153899,1.5557714635179973,1.3308734918749556,0.5425703602651268,-2.1221099375710235,4.880760351210543,2.4148852349665555,1.7632078042600565,-0.4359018450675471,-0.4407879968676953,0.2527352925670617,1.1965316513126747,0.0019483249220700743,1.8377470710878403,1.2742582277495211,-1.2143634029874355,16.904814028698304,16.633130477684517,14.78372861855856,3.28909038272962,15.635585680146248,11.906530817998966,2.917315339468885,2.7168357082805388,0.33647223662121295,0.0,0.832909122935104,0.4700036292457355,0.0,0.04109074913988774,0.26236426446749106,2.272125885509337,0.004660754848135096,0.5932279422198412,-0.32094998852416246,1.4221929516343583,0.3983916058191471
94,WATAUGA,316.47976152,1.283355539952633,1.9891268228787358,2.0905342247470236,-1.3055718899573847,-0.8838094982509028,-2.9219954669716284,-1.6411095011964476,-1.8274063172176411,-1.3890110233887165,-1.2758373759879633,-0.8513854240554406,-0.9217340819098719,-1.0451401126886615,-1.1204992406548413,-0.9669007703989994,-1.2939260553212986,1.011703988038224,-0.18129035640064634,4.205601073143252,-0.5575193341757075,-0.9340045859505812,0.7076742626671613,17.27277735110372,12.472364216125978,16.853477565490742,5.145323659668988,17.723878465336636,11.127993954864694,4.662740014379952,4.231696922387942,0.26236426446749106,0.8754687373538999,2.451005098112319,2.517696472610991,0.5306282510621704,0.08708913668470493,0.09531017980432487,2.341805806147327,0.00131583662432081,-0.3900370240438445,0.23213889355310965,-0.20812579780015,1.2298175657895412
95,WAYNE,563.35245135,0.5945065920200644,-0.3874348160150027,0.778049911380128,0.3870665946394157,-0.8022584488159863,1.0691261064333506,-0.2890419883103231,0.8202980329232933,0.8492272756303471,0.47172330560591536,0.9488076367583018,0.4896834829032021,-0.6961024679690564,0.6888855718407809,1.132958616139016,0.6967294144037759,-0.1684179618989959,0.3065227517298868,-0.49588064723823905,-0.1572391246363113,0.3894327526652398,-0.1953463206651527,18.31846360310382,17.317321589480724,17.444237885334495,5.338101533209556,17.80725789393275,14.11797784551689,4.5692151937324486,4.451523201474093,0.09531017980432487,0.7419373447293773,1.252762968495368,1.667706820558076,1.5040773967762742,0.13523613626448858,0.18232155679395465,2.580216829592325,0.0017039825829644225,-0.3900370240438445,1.0718545660818846,0.45093922856699165,-0.15589236749444887
96,WILKES,763.96100664,0.35490695795656263,0.16525393721609916,-0.9258770919382964,1.432519776302145,0.35984400563156715,-0.13174233158230633,0.7325201325369711,-0.5525857041868208,-1.128355424009281,0.6252252573675399,-0.7454917145958089,-0.019995082168185626,-0.33188927347903346,-0.9948475175648674,-0.2428113267652009,-1.1043398201093868,-0.6134751589168415,0.9410410748168765,-1.2101857586213896,-0.5519377645686623,-0.8917797441686844,1.6542392074945567,17.749592511270432,13.907932724573854,17.487953541616594,4.4693229505672605,17.0434464752403,13.244262475393079,3.763928710541988,3.615090987287052,0.18232155679395465,0.33647223662121295,0.8754687373538999,1.3862943611198906,0.4700036292457355,0.08173247172278837,0.0,2.5416019934645457,0.0016219596509553077,-0.3900370240438445,0.7204126722619509,0.9539099065840208,-0.7101763408080449
97,WILSON,376.87473174,1.3582304255974775,0.4968671891547601,0.9162061548924331,0.959576670311863,-0.33333991456521966,0.8572081467835295,-0.529409546156745,0.7222349088439998,1.2005456921852382,-0.5083276171798409,0.41933908946014226,1.3522164391778582,0.35101046618975934,1.229187981127668,0.7709138943221168,-0.2512017616557833,0.35911236467651725,-0.13826463055730517,-0.08547556214776797,-0.38667758149055026,0.3737292936158633,-0.4900860773946984,17.431825750623304,15.954488780546429,16.714704777263595,5.346199668876558,17.694894107381412,13.486829408749635,4.60623500491067,4.486815200148241,0.18232155679395465,0.6931471805599453,1.0296194171811583,1.33500106673234,0.9932517730102833,0.09383521667208868,0.4054651081081644,2.5649493574615367,0.00127047212336624,-0.3900370240438445,0.4323455461800393,-0.20812579780015,0.6062480958117457
98,YADKIN,341.12219856,0.01048248399027826,-0.2768970653687822,-0.7416687672552232,0.1879326552750861,0.013252045533174118,0.08017562806751606,-0.2890419883103231,-0.8958066384643495,-0.9243640853645056,0.3654527236170986,0.8429139272986699,-0.451261560305514,0.1840794187151653,-1.045108206800857,0.86745915347329,-0.9147535848974749,-0.7401135777082704,0.09058463297951201,-1.0870667004629353,-0.5448063717181012,-0.8408303979312514,-0.30284717871652245,16.34311381047654,13.182217365130601,15.832598694324554,4.701191144837593,16.871501136087762,13.175122110902349,3.9502626369844633,3.814100049139535,0.09531017980432487,0.09531017980432487,0.6931471805599453,1.252762968495368,0.9555114450274363,0.0998009089389637,0.4700036292457355,2.580216829592325,0.0010829970973055205,-0.3900370240438445,-1.2845345252681593,0.08671908241672917,-1.0219610757969426
99,YANCEY,316.34248698000005,-0.03444244739662849,1.049555942385862,-0.9719291731090645,-0.30990219313573747,1.1549667376219983,-0.6615372307068611,0.5522444641521541,-0.5525857041868208,-1.4400088580499102,-0.13047665899738045,-0.21602316729764928,-0.6080857341736331,0.38136156573059443,-1.2021728606633242,-0.6289923633698933,-1.1043398201093868,-0.05113251599602045,1.0329405839223371,1.1196707702532187,-0.553765164104208,-0.9777916237998584,1.3274313766515815,16.444532841485273,11.752026664432769,15.910622754462029,4.083687294570936,16.42075787787986,10.231785964743585,3.6120141749026584,3.263520050009197,0.09531017980432487,0.33647223662121295,0.6418538861723948,1.0986122886681098,0.5877866649021191,0.0462397407493249,0.0,2.4069451083182885,0.0015686210607723191,-0.3900370240438445,-1.1088135783581932,1.1620357043841707,0.05196412249814963
