COUNTY,AREA,RISK_VALUE,RISK_SPCTL,ALR_VALB,ALR_VALP,ALR_VALA,SOVI_SPCTL,RESL_SPCTL,RESL_VALUE,CRF_VALUE,HRCN_ALRB,HRCN_ALRP,HRCN_ALRA,HRCN_RISKV,IFLD_ALRB,IFLD_ALRP,IFLD_ALRA,IFLD_RISKV,HRCN_EXP_AREA_RATIO,IFLD_EXP_AREA_RATIO,POPULATION_DENS,BUILDVALUE_DENS,AGRIVALUE_DENS
ALAMANCE,438.62387049,38553029.17612038,77.06743002544529,0.001157833892983,3.366109272e-06,0.007601432802782,12.5,66.0,2.481397258,0.930526484,7.5358806494e-05,6.1266226e-08,0.00243614803678,2510600.0146971587,0.000826398748041,4.6353012e-08,0.000350566664202,24846673.67785292,1.0,0.1349699712015649,390.57609839751245,73312262.20332466,122570.29226416828
ALEXANDER,266.29362708,15153726.959864704,45.801526717557245,0.001272406572559,3.407386824e-06,0.002965295566262,70.0,28.000000000000004,2.397771435,1.435040365,2.2757647632e-05,1.819861e-08,0.000792696784194,509276.6007509607,0.000899181265049,1.00341651e-07,0.000194303820968,9537349.82549407,1.0,0.09646616467152334,136.83016150083677,27362486.447379384,852619.3378701865
ALLEGHANY,238.64392578,11568923.401347479,34.66921119592875,0.001183798044192,1.5731369207e-05,0.020748090770872,93.0,7.000000000000001,2.324952081,1.745273684,2.704610679e-05,1.2988118e-08,0.000480693535791,195636.0832543407,0.000895338941277,4.2368192e-08,6.7855384876e-05,5257678.059355901,1.0,0.059153691986263225,45.57417484837355,14056755.624664364,169392.33155788056
ANSON,542.52172884,16917670.592041492,50.0,0.001121023377102,7.888377811e-06,0.006619217843449,89.0,27.0,2.397155214,1.655329563,4.4003931801e-05,3.4188185e-08,0.004195757283126,3136898.9187778016,0.000711432852273,2.6306593e-07,0.00080395644862,7176341.39192572,1.0,0.040250039876221215,40.61772797030003,10211881.78922489,720874.6953531513
ASHE,433.71190668,27041639.02597405,66.76208651399492,0.001720319936156,1.1861377339e-05,0.024231677807505,77.0,42.0,2.422711797,1.515015543,2.2597549192e-05,1.0461627e-08,0.000391151619112,316212.766731726,0.001401723624239,3.33216161e-07,0.011489523059939,18016784.411015876,1.0,0.06301041300214337,61.23880758384717,17971331.93475093,169637.80303657675
AVERY,250.00849458,15724589.963300943,47.48727735368957,0.001324637707061,8.123687001e-06,0.008290411250056,70.0,64.0,2.478314096,1.388797331,2.1634908566e-05,9.8355e-09,0.00037980357374,249972.44614641592,0.001012784420961,1.53963837e-07,0.001194624396849,11002386.064975476,1.0,0.07842870032678713,71.1895810976328,31017605.92586022,103443.04917897322
BEAUFORT,972.56821467,75915325.4134512,88.16793893129771,0.004876132396249,9.686523213e-06,0.01790220092981,70.0,77.0,2.496422676,1.397841034,0.003452353142454,3.048277461e-06,0.013280953317846,56485832.94122048,0.000567712280596,3.93193713e-07,0.000817198576909,8920737.628414925,0.8971427743827275,0.046534653294122284,45.86516331415941,10909622.966241166,148320.7571706894
BERTIE,748.79194221,26728825.320910364,66.38040712468194,0.002545656605375,9.084577242e-06,0.0125028518591,79.5,37.0,2.415040558,1.558260724,0.001410831252897,6.73934136e-07,0.007608588654151,15078223.474881027,0.000731279001969,7.9638867e-07,0.000576478940557,6226993.290383215,0.9544513413485227,0.028321580836759945,23.949242759039546,6587453.283006396,447870.7089317838
BLADEN,896.74408083,55558246.88308596,84.57379134860051,0.003167260925508,1.1009359756e-05,0.01460431872258,70.0,35.0,2.411696954,1.439278682,0.001742278160182,7.33240625e-07,0.009195297979552,31728978.56303184,0.000727541384475,1.802513294e-06,0.000670104835972,11500624.47311678,1.0,0.04541595149628165,33.00495719202951,10536986.228282992,640928.9386867533
BRUNSWICK,1060.13836305,206599765.7821567,95.76972010178118,0.0045349724366,8.76850345e-06,0.022342789425836,63.5,92.0,2.558626168,1.347275235,0.003074274784746,3.384429251e-06,0.016542410083402,149061946.58828592,0.000683787341624,6.78640083e-07,0.001830942825469,32820538.514526974,0.8348666374502822,0.0598339179241248,128.51624349110946,31707887.104746353,55958.98428703693
BUNCOMBE,666.6120942,83177517.76449995,89.34478371501272,0.001160805436889,6.662512366e-06,0.024253491610403,20.0,89.0,2.545474727,1.009828837,9.134559724e-06,6.840037e-09,0.000327219375463,549478.7155615144,0.000859775893964,2.8469891e-07,0.001121406600851,48528132.14823301,1.0,0.1446487115001199,403.99057014288417,81893302.66729505,92739.06149901354
BURKE,519.4280426400001,30005765.421063863,70.16539440203562,0.001297659963094,3.251011431e-06,0.012907439798672,56.5,36.0,2.414419969,1.315521037,1.8819129616e-05,1.4652701e-08,0.000616403512676,487332.6492784291,0.000937162064524,6.3495947e-08,0.005528890542141,19744817.209818024,1.0,0.0930527953040014,168.5161231479098,29485230.021773547,201930.32795631117
CABARRUS,367.603509,68326950.72496077,87.05470737913485,0.001616557153632,3.720246762e-06,0.008354325229353,5.0,85.0,2.53789027,0.797091499,1.8005380746e-05,1.4947485e-08,0.002029062547822,891421.1193035013,0.001244382642014,2.53062326e-07,0.002236815984609,51491486.91932267,1.0,0.19972555963525693,614.172592133771,139143807.76490358,202627.32584524923
CALDWELL,479.40243429,27619735.24000875,67.43002544529261,0.001378892404736,3.359479133e-06,0.009106521601835,31.5,34.0,2.411594952,1.103388482,1.8795430863e-05,1.4626278e-08,0.000616672777165,411445.3647621602,0.001034097266505,4.770287e-08,0.001792298242503,19520912.833309606,1.0,0.09734433778592942,168.0967684683302,35357064.37140545,129069.04632563876
CAMDEN,313.38902010000004,2438801.2964671487,2.544529262086514,0.001461810700697,4.822117501e-06,0.014008587093816,5.0,90.0,2.547983371,0.702559952,0.000344999093311,1.68185101e-07,0.009795887492284,770073.4163220112,0.000756236849041,3.45863476e-07,0.00095879334112,944585.7938547184,0.7754991324560447,0.05916680819087272,33.02604538186243,5258072.763602862,164092.48155404662
CARTERET,1343.84272659,145772115.21252835,93.47964376590332,0.006884885770429,9.015599129e-06,0.031111241458594,38.5,98.0,2.637122399,1.1295785,0.005371451464995,3.984071472e-06,0.020095026037499,123428718.0239552,0.000438307575677,9.39264226e-07,0.006356012743684,10877536.274045238,0.4200706302253396,0.04889824854810696,50.32210887623613,14541125.320955703,22780.030277560756
CASWELL,433.03126854,8170327.791864336,22.36005089058524,0.001103717248986,3.134204697e-06,0.014420024156094,50.5,10.0,2.347725591,1.301378129,0.000115701102719,5.9869431e-08,0.001814998080217,855616.7847875578,0.000742923756305,1.3757582e-08,0.000261803931232,4619888.145678723,1.0,0.04041501091221823,52.45348696546116,10981753.47945048,112767.27005105247
CATAWBA,420.22343181,45219101.770311415,80.56615776081425,0.000987888458476,3.654290803e-06,0.006878394872616,17.5,70.0,2.484469164,0.996649077,2.8312267957e-05,2.338508e-08,0.001074147428116,1335350.22253694,0.000654276107502,2.6231902e-08,0.000751059515123,27344875.24127023,1.0,0.1733799055477148,381.96108986272,99309605.52639726,236790.3202622698
CHATHAM,716.08800822,27441588.79196538,67.17557251908397,0.001259629344563,4.179366421e-06,0.005964471619163,31.5,79.0,2.497863811,1.105519469,0.000120900915415,9.3918911e-08,0.003437388158163,3243391.1901075286,0.000862567649969,1.7262646e-08,0.000323178567216,16490863.23049468,1.0,0.05270296875071575,106.39614003505676,24005544.37397977,307737.826175547
CHEROKEE,471.37704822,19923802.549147416,56.71119592875318,0.00151277976884,6.94988299e-06,0.005716836689869,55.0,4.0,2.314837904,1.331744895,1.4237245581e-05,5.940948e-09,0.000264678209125,180951.72491068195,0.001043450790564,4.4691392e-08,0.001232532700759,12554333.0617044,1.0,0.052544626652083405,60.95332835677283,19078181.05900396,44094.34884131067
CHOWAN,236.00697705,11483632.350731747,34.28753180661578,0.002495545337995,7.996696983e-06,0.013874652710264,44.5,57.99999999999999,2.467380028,1.242719812,0.00164752186104,7.30727007e-07,0.00848450290405,7247569.86356237,0.000447280318602,3.7148224e-08,0.000215106418753,1774303.518245165,0.764351577878066,0.05034823569135538,58.08302860934425,13337065.273850556,254187.61661139628
CLAY,223.01068062,9300215.083876232,26.8765903307888,0.001624625336441,8.210864413e-06,0.014672004470915,95.0,1.0,2.268612662,1.821210602,1.2596553207e-05,5.633681e-09,0.00022236917579,63495.61831710561,0.00119571284969,3.6457122e-08,0.000874370552405,5750443.943366889,1.0,0.04952371993234447,49.679234955020426,11807882.14124594,16920.88912292922
CLEVELAND,472.90553661,29871800.204592247,70.00636132315522,0.001107820955601,4.073759946e-06,0.005442019409355,31.5,43.0,2.423011989,1.094651179,2.8574496678e-05,2.3123582e-08,0.000866744870415,860455.094157431,0.000727313355054,8.275968e-09,0.000159933218652,16905872.59700275,1.0,0.10902215557621003,210.31261488913782,44789133.63297702,364268.1014793543
COLUMBUS,964.63927833,66676402.4207062,86.86386768447836,0.003660386061722,1.2446836145e-05,0.022499843014906,81.5,20.0,2.387395044,1.58212643,0.00214720286376,7.89863553e-07,0.010839224095866,35011485.089180365,0.000685478257201,9.71221752e-07,0.000738086829871,11066585.88269192,1.0,0.04181057632775757,52.410264785739535,9328050.17703389,216272.5131420888
CRAVEN,781.08896229,147461902.20988548,93.57506361323156,0.005905563517111,1.0205087046e-05,0.021515782549304,50.5,87.0,2.538692723,1.246509395,0.00442033579587,3.44844689e-06,0.015389236087334,115063119.89269568,0.000674631458864,6.07351654e-07,0.000877394495409,17530304.9219516,0.933972016470959,0.0603808778286745,128.08016094184256,24955443.160855882,118038.17164397328
CUMBERLAND,665.1253014900001,83676558.2894659,89.47201017811705,0.001287178448,5.041860102e-06,0.012797808129285,12.5,26.0,2.396239333,0.927189019,0.000294757574358,1.98394022e-07,0.007817966260911,17406529.64073286,0.000685859072835,2.40875531e-07,0.001530923956746,37659664.44791891,1.0,0.15128847899051578,502.7308377097233,86204070.39178321,185431.59720988947
CURRITUCK,531.74152512,7083055.835424869,18.06615776081425,0.00124651535944,4.919898526e-06,0.012737493732015,5.0,95.0,2.599290584,0.663455062,0.000391705567271,1.67617685e-07,0.009891937929066,2189941.953632311,0.000579436640041,2.00975457e-07,0.000644044476323,3009804.0469041644,0.5960977994563587,0.04171441374381997,52.82265663502823,14423772.956737105,44114.914656526424
DARE,1557.29801253,85047277.4753299,89.59923664122137,0.005945713627047,1.1649095313e-05,0.025978888517925,31.5,100.0,2.83891324,1.052172029,0.004472959458185,3.238981503e-06,0.017819624939728,68312732.88149463,0.000456581283104,4.43037481e-07,0.004547433274418,7038603.4893544745,0.2716140324565216,0.018132362309941964,23.669201208391012,9080721.931331417,1295.4167948385136
DAVIDSON,573.43003107,69343822.45040995,87.21374045801527,0.00132642678503,4.909641996e-06,0.009882120634543,31.5,44.0,2.435211043,1.079236543,6.8029096317e-05,5.4989224e-08,0.002065057426457,3526003.2074747626,0.000965193386924,3.89767865e-07,0.001842973278635,47256568.05679937,1.0,0.14112414188484973,294.38290785888955,77283094.37039265,105684.14927086738
DAVIE,269.29069791,13585543.684582476,41.66666666666667,0.001215333406637,3.787593939e-06,0.010755428617481,23.0,56.00000000000001,2.460990315,1.035209551,5.3166507598e-05,4.2949006e-08,0.00151726736411,618119.1810223272,0.000885765165208,9.187265e-09,0.000620073204916,8985169.778692598,1.0,0.11991084099875816,158.53499705462588,36275319.25096343,128768.51398554126
DUPLIN,828.4979328600001,83297974.20420934,89.40839694656488,0.003361422768187,7.718423533e-06,0.013232581954937,74.0,2.0,2.284558244,1.567538556,0.002063098861748,8.31295049e-07,0.010182907618777,57954655.934142135,0.000699532064358,7.60352773e-07,0.000190285965005,11842649.04175011,1.0,0.05826605894605681,58.68934377681362,11628298.952712005,1960767.7889939977
DURHAM,300.86958174,85296077.64550531,89.63104325699746,0.001231514016575,4.185677164e-06,0.01498648452323,12.5,93.0,2.565527747,0.938759093,0.000109448287828,8.5973665e-08,0.002891520180509,7144333.394855241,0.000863375142946,1.21457466e-07,0.001773280416468,53776585.52514402,1.0,0.21384618772358785,1078.8062991375766,218358756.6814025,43241.09776987255
EDGECOMBE,511.98422808,37371428.7778316,76.3676844783715,0.001528414955059,9.553600303e-06,0.025845448316108,79.5,53.0,2.450910075,1.539229818,0.000253886398017,1.79089473e-07,0.006942795411034,6241593.180004929,0.000954185177669,3.253514356e-06,0.001605542563787,17567655.72871344,1.0,0.0879131318382813,95.50684829369285,18155567.67609559,443107.72785084974
FORSYTH,416.51493663,109267624.97376975,91.53944020356232,0.00123548544074,3.143374584e-06,0.022679191298457,23.0,83.0,2.516757066,1.049156662,5.3918622181e-05,4.3968457e-08,0.00165618075955,4757924.946796238,0.000900800115202,5.4946883e-08,0.004293127400742,75408113.72975706,1.0,0.2716514011749301,918.3872326283541,190638038.97034326,33701.84779824519
FRANKLIN,499.56491169,17647802.9730248,51.7175572519084,0.001067021820375,5.393593482e-06,0.022802435100944,23.0,38.0,2.415087194,1.050914462,4.7293762306e-05,3.6744433e-08,0.005285651971419,988088.8619634925,0.000723012925454,1.48620346e-07,0.000206243225906,8322011.228070047,1.0,0.06661975312757602,136.98119783573625,21495415.546045355,150694.52685403035
GASTON,367.35609885,57442779.70723876,84.86005089058524,0.001164840193391,4.204238585e-06,0.0068112785931,15.5,67.0,2.48188623,0.9692348,1.3149258473e-05,1.0921977e-08,0.00123188547858,633151.3780359064,0.000801766288355,2.3238058e-07,0.000733173862787,35143769.70864573,1.0,0.2043419991128549,620.2864215765829,120570189.8421061,81193.48798991635
GATES,349.23474963,5159128.390408218,10.464376590330788,0.001203971740883,8.876067292e-06,0.013146226592581,31.5,8.0,2.325334309,1.098612181,0.00027593258363,1.49890532e-07,0.008059565740613,1511852.6254056476,0.000673678471781,8.43774481e-07,0.0002494702244,1763489.7382481915,0.9939332218948868,0.031856595781647686,29.934020056926144,6209592.196359466,268695.3434600001
GRAHAM,304.68625395000004,7577394.306146734,20.06997455470738,0.002345437783921,1.414593796e-05,0.038576881933471,59.0,16.0,2.38117656,1.3673182,1.4529948253e-05,5.98212e-09,0.000264666705621,38888.44862830632,0.001827905769427,7.6541848e-08,0.000893403158876,4712964.904782734,1.0,0.022250633522537287,26.299184476221754,6171058.600853561,5765.79342594264
GRANVILLE,543.01800657,21826904.890303332,59.35114503816794,0.001267048050132,3.932889479e-06,0.014477981114911,31.5,75.0,2.493251967,1.09070743,0.000247401287093,1.24221591e-07,0.003571780431718,4179517.7828899706,0.000745809102648,6.888237e-09,9.8864808569e-05,11297126.177055083,1.0,0.05256162301138427,112.28541091139677,25540623.46220218,153105.25985160426
GREENE,269.90670291000004,23825258.833638612,62.62722646310432,0.002631102601761,6.060704034e-06,0.012078043687639,84.0,3.0,2.301097648,1.659507541,0.001424353854979,6.81927988e-07,0.007696258130266,13683084.850849563,0.00071096491356,3.18362904e-07,0.000250194422844,4958799.88206885,1.0,0.05841518436000207,75.77062658877114,14699761.818523558,1156801.5785962606
GUILFORD,664.27494276,144448528.19024763,93.44783715012723,0.001180856439087,2.154712582e-06,0.011652129006135,31.5,80.0,2.499706318,1.073039523,6.5315033847e-05,5.3114159e-08,0.001990541109486,8424344.286569225,0.000890510018306,8.2087122e-08,0.000791763722711,107852612.79809733,1.0,0.21378626162351339,814.3826677434254,168795276.90616333,101133.45194216068
HALIFAX,737.64311166,32935927.695018597,72.90076335877863,0.001239857302921,5.963315742e-06,0.015875764975105,89.0,15.0,2.379656595,1.676759017,0.00021605461881,1.5445402e-07,0.0058924263688,6211687.32788715,0.000729745359133,6.628343e-07,0.00112277546027,15737962.47341158,1.0,0.06538674116184526,65.88958702620198,16258906.873013718,232493.13426659864
HARNETT,607.29415968,36097912.32115037,75.28625954198473,0.001293870238007,5.60788202e-06,0.010162541310701,12.5,13.0,2.376562199,0.967196854,0.000227354755446,1.63133274e-07,0.00608732163119,6548523.815817519,0.000748542258248,3.16740233e-07,0.000353931312941,16155478.943563288,1.0,0.08880228697479892,219.7551184591033,35265272.44603322,433683.3045435159
HAYWOOD,560.09940597,38931465.476300985,77.19465648854961,0.001820717306066,1.4452472019e-05,0.021035319525824,44.5,72.0,2.485708378,1.229603057,1.0712754656e-05,7.867153e-09,0.000253337003221,169308.43339341413,0.00143911454271,3.327729323e-06,0.002160239416128,24201501.681327317,1.0,0.0633709476898238,110.785691501561,20846112.04466334,41754.538124349725
HENDERSON,378.87162105,53899064.1263052,83.77862595419847,0.001021295223022,8.911743264e-06,0.038317590920765,58.0,50.0,2.443935263,1.322879356,1.6163500054e-05,1.2560868e-08,0.000531695577287,642493.9462307824,0.000694994352605,3.6283181e-08,0.009243631499991,25006621.98521368,0.9990621711660133,0.15972360142501657,306.24885463429194,68531137.71900441,228521.8612047322
HERTFORD,364.03642977,28283524.61173991,68.1615776081425,0.002545317037217,5.70626412e-06,0.014576771389978,89.0,23.0,2.393447083,1.645099734,0.001413073248328,6.53698786e-07,0.007532612484071,16051797.720477177,0.000735163516927,3.2863293e-08,0.000219527797406,7110281.518793362,0.9874356605401009,0.036495327580174035,59.186384213285656,15966369.474814005,492723.28627474554
HOKE,395.63196348,16962510.58172355,50.12722646310432,0.001283117860689,5.793320992e-06,0.009735140059089,50.5,11.0,2.358653678,1.296953196,0.000261045164168,1.83799774e-07,0.006762245955468,3433393.721627801,0.000612936427362,1.3820282e-08,8.9103943086e-05,5650516.261697104,1.0,0.04978233459588941,131.56924820264524,17889258.394962277,249925.42344217974
HYDE,1473.76956987,26764679.36211639,66.4440203562341,0.009238214446526,1.6268099475e-05,0.023940558555438,100.0,59.0,2.46869791,1.721989072,0.006207111681642,4.671483776e-06,0.017673672834719,19871004.297166385,0.000380420463702,6.12886389e-07,0.002323119077804,1646372.1324319644,0.4826051209063427,0.0735627972156408,3.1029274138177385,873589.5904768659,124983.18649383419
IREDELL,603.4235106900001,45554126.43126944,80.78880407124683,0.00108253192381,3.67438375e-06,0.004260777703509,5.0,74.0,2.492138212,0.854564026,1.2059770882e-05,1.0005097e-08,0.001212985021801,635910.1675616167,0.000776466954258,1.6411545e-08,0.000559816890822,29942054.236577753,1.0,0.1393384932282922,309.2173186733146,74517909.85171035,240838.6753671916
JACKSON,499.86901146,45026800.563527994,80.470737913486,0.0018746226086,1.911229895e-05,0.028560333253088,84.0,48.0,2.440978036,1.566436741,2.653045426e-05,1.1711181e-08,0.000409919795684,445579.74021314865,0.001463953172149,1.78191221e-07,0.005403033617241,23750351.071085166,1.0,0.05233700249331647,86.18457838418611,20464893.068928707,29974.48862900552
JOHNSTON,803.67649869,59808551.2474448,85.55979643765902,0.001173794977822,6.568332273e-06,0.01556068812201,15.5,60.0,2.469640369,0.971769853,6.5357558223e-05,4.6114079e-08,0.006865553345396,4702006.554274287,0.000834558226768,5.71283856e-07,0.000668527709438,30845939.512786504,1.0,0.10944321056466114,268.249725295448,44466376.75264979,428938.31107654533
JONES,478.47882537,25217141.330082357,64.50381679389314,0.005928447155472,7.533858936e-06,0.018617638388663,98.0,31.0,2.401743654,1.761725349,0.00404766504047,3.153331258e-06,0.014545889587024,19636419.089741223,0.001108890880843,9.6045355e-08,0.000413579882934,3479177.125461135,1.0,0.028262846660876355,19.154452640433675,3484966.4783192077,574833.6006035618
LEE,261.81976938,27695394.497902185,67.49363867684478,0.00121763921421,4.709627331e-06,0.008937388939842,63.5,40.0,2.417707139,1.372238923,0.000159220400011,1.22149466e-07,0.004449272692909,3703708.004019113,0.000741214981952,4.1565866e-08,0.000539562764312,14676284.564409347,1.0,0.10189970883886507,241.6204099094757,54730844.19076956,267484.1367626293
LENOIR,405.41682207,55569008.53789115,84.60559796437659,0.001979188707453,9.966738669e-06,0.013702353530054,86.0,69.0,2.483173833,1.557181994,0.000788668305309,6.30389696e-07,0.009477215342061,22864345.387537044,0.000774987975895,2.841891466e-06,0.000583262024491,19630748.47744623,1.0,0.09808096355900103,135.939105137784,32550091.85514629,988917.9535100192
LINCOLN,307.94012223000004,33907366.51113967,73.75954198473282,0.001185410724003,3.622847144e-06,0.004392936115554,23.0,78.0,2.497006022,1.052423743,1.1118694464e-05,8.999235e-09,0.000986339896192,389430.7863281843,0.00086274649881,1.9391251e-08,0.00059694573304,23836154.94024162,1.0,0.14474893854620638,281.6261790505687,85008065.10509904,224807.84413112036
MCDOWELL,449.84722263,21741318.084757164,59.223918575063614,0.001738642049948,4.476643447e-06,0.020231092486254,54.0,33.0,2.411118216,1.29763214,1.7934919056e-05,1.3750489e-08,0.000597504171913,237590.7979433354,0.001321265988356,8.8473318e-08,0.001462492599348,15022424.082934272,1.0,0.0634209925765638,98.97804801302927,19308760.23245839,70410.71814297266
MACON,524.92001874,33911803.034757346,73.79134860050891,0.001526293273679,2.1687150201e-05,0.021409194562188,63.5,18.0,2.382696172,1.389969341,3.0365426887e-05,1.3844404e-08,0.000525367814846,427494.0144641024,0.001033413312027,7.0799414e-08,0.003160793908077,14060229.11045512,1.0,0.056408393843202384,70.4354924179663,18522519.24462392,19238.81475170428
MADISON,456.04201188,9460327.898260357,27.353689567430024,0.001600326580092,8.964094257e-06,0.014202026452993,23.0,55.00000000000001,2.460901103,1.03619908,5.812889068e-06,4.150364e-09,0.000202875255108,34870.30504698561,0.001226599485866,2.843407271e-06,0.001081726224119,6287656.984911003,1.0,0.03936615735271733,46.37072780383332,9300761.38273877,84242.88332915508
MARTIN,461.31116811,25895535.7617852,65.45801526717557,0.00275385389581,6.917890113e-06,0.017762937339663,48.0,81.0,2.503370187,1.240517955,0.001371216781282,6.83469617e-07,0.007184743445477,13038669.143366965,0.000934364121068,5.4511894e-08,0.000267004560096,8045583.526647856,1.0,0.04754252306318584,47.67714618770191,14934757.652251717,258758.30730275446
MECKLENBURG,551.5924514100001,275531152.22940147,97.07379134860051,0.001354019177411,2.375976283e-06,0.018748594430313,5.0,82.0,2.508486297,0.866474331,1.633580666e-05,1.3685847e-08,0.001923948403434,3495082.661381193,0.001083181582302,2.30200023e-07,0.000135661225527,222173414.19698456,1.0,0.37040919562425456,2020.8634058544174,423272485.66253173,10080.366375186395
MITCHELL,224.12066625,8516216.16560511,23.950381679389313,0.001672825664621,1.0337138939e-05,0.023712287194788,44.5,65.0,2.479960178,1.234573411,2.3461773357e-05,1.0402789e-08,0.000368602839089,95831.96131174147,0.001277553963303,6.1302713e-08,0.00031248785848,5017256.28097028,1.0,0.04802502602520963,66.46419649397237,14146464.612341389,13493.093031531178
MONTGOMERY,506.5953282,16313260.538066497,48.95038167938932,0.001407441743107,4.978835225e-06,0.005853668832656,63.5,14.000000000000002,2.378483042,1.398633871,0.000238382775934,1.16366199e-07,0.003506843358229,3341579.9277537726,0.000802328489827,2.1651601e-08,0.000677315957697,8193298.487609065,1.0,0.03533392203732671,50.77425425811497,14086326.775565397,364218.299555965
MOORE,712.8014244000001,36497095.86462007,75.63613231552164,0.001102110960745,5.145274826e-06,0.00735146657764,26.0,71.0,2.484478238,1.056207504,0.000172158822615,1.28960509e-07,0.004513779889501,5973166.161785094,0.000621540291479,5.9500554e-08,0.000444995923341,17738326.068472844,1.0,0.07354948292800344,139.77525379367071,37529775.261767834,271583.9354038193
NASH,548.3078835,45280355.88886068,80.59796437659033,0.001396001062761,6.742962859e-06,0.013981575619196,44.5,63.0,2.474101612,1.23550895,0.000220590533703,1.62151175e-07,0.006110661785016,7560452.272605486,0.0008524363487,1.124727173e-06,0.000206363289162,22879754.81821672,1.0,0.08091671381610968,173.09070844318802,36382649.349596664,450058.46245506336
NEW HANOVER,332.17913547,223452573.16344336,96.11959287531806,0.004452547779134,9.312518158e-06,0.023218130820532,10.0,97.0,2.623042462,0.869068872,0.002974051497979,3.298337795e-06,0.016518583255972,157666657.77642682,0.00076416310759,6.54288443e-07,0.002300666937885,39982571.89510451,0.643991233064124,0.17143195553146812,678.3809575552087,173227864.19316465,18705.563765190684
NORTHAMPTON,556.11033777,14613824.791245764,44.211195928753185,0.001347577601555,5.009251596e-06,0.016055916806895,96.0,19.0,2.384595543,1.751915737,0.000254861513391,1.68329842e-07,0.006648458621889,3660310.2039771234,0.000791570556165,2.2656566e-08,0.000300846932931,5906601.124002089,1.0,0.039236107316374,31.3534901543429,7546038.019770797,264951.97084600676
ONSLOW,914.33174898,179941179.2063073,94.97455470737911,0.006182576714697,9.075983655e-06,0.02060366016396,5.0,51.0,2.445575358,0.834127553,0.004652124898879,3.413800063e-06,0.016499306020347,142313330.35994068,0.000653543925771,1.98685938e-07,0.000459918507796,18998777.326945767,0.8614404182063776,0.07232293485869651,221.9642927486698,37022136.95604749,241606.18752049058
ORANGE,405.00751785,42006981.61708759,79.07124681933843,0.001478312756943,4.600820963e-06,0.010021451731915,5.0,99.0,2.646590406,0.845016318,9.0248244016e-05,7.2726981e-08,0.002390508282917,2534487.8141169655,0.001094997746423,2.9688741e-08,0.000233799067727,28104272.69322464,1.0,0.10003776689037389,366.85491861666685,74832900.35674088,119879.52781158479
PAMLICO,567.29685558,32422258.044560116,72.36005089058524,0.006288645655574,1.0011949905e-05,0.02318582860325,73.0,91.0,2.552293859,1.437155534,0.004876547773605,3.875703613e-06,0.01788986876038,27055660.49804814,0.000404227045316,3.92322099e-07,0.001152033072593,2245472.54995005,0.6094187850238252,0.034062125317876175,21.528411236324448,6376008.526086249,53055.65102987874
PASQUOTANK,292.25102946000004,21185155.594550215,58.68320610687023,0.001881408968009,5.59803697e-06,0.014097127386104,40.0,88.0,2.545372932,1.18976019,0.000901175223147,6.4009443e-07,0.010188124362576,10085289.963111024,0.000615179694639,3.46955169e-07,0.00094583220026,6375822.2548115505,0.7845300005986161,0.10068905867612099,138.432360956105,28406667.556790475,215119.4235865122
PENDER,943.59672381,67378083.64442642,86.92748091603053,0.00483134131302,1.0483897784e-05,0.021280844438778,19.0,84.0,2.52855533,1.006701847,0.002931631194716,3.247524075e-06,0.015583115919682,43356070.51936346,0.0009648034767,1.140656765e-06,0.001911812611077,13493085.239672108,0.9437562392275894,0.03940386521339433,63.79314221964245,13147758.346284885,273320.2452830165
PERQUIMANS,332.25237669,12305242.225350603,37.659033078880405,0.002973570641153,9.651034011e-06,0.013915902295174,56.5,56.99999999999999,2.463957055,1.307551639,0.001889348086,7.89534047e-07,0.00979636352187,7470995.022116622,0.000597228626429,1.10338316e-07,0.000277175765097,1994131.8565021912,0.7530985329882548,0.04988285446629977,39.126883393611756,7459769.981758561,273533.15845440974
PERSON,408.47051622,13568655.7297446,41.539440203562336,0.001116008083969,3.757216929e-06,0.014516880548342,63.5,45.0,2.436530291,1.386071342,6.0031465017e-05,5.0175927e-08,0.001968049228379,771459.1966626829,0.000798259588483,1.233823e-08,0.000100920981764,7944089.270362338,1.0,0.05553356451821637,95.67398000141515,17541440.959574383,123873.38863093819
PITT,662.16849972,86229587.8102206,89.82188295165395,0.001893812280162,6.600883915e-06,0.015021955488633,31.5,94.0,2.569319498,1.062802212,0.00069618589254,5.85697979e-07,0.008873931855843,31411205.84981311,0.000827185501282,2.21846642e-07,0.00106358130899,33004437.842174757,1.0,0.11333211075648816,256.3486485264364,55147349.942561835,471494.80250422447
POLK,240.85243923,12158718.770283105,36.92748091603055,0.001385563473374,9.269993315e-06,0.03047082922607,75.5,32.0,2.409841393,1.517481164,3.4082137182e-05,1.7117221e-08,0.000564710679962,237585.25360881008,0.000944417341365,3.1983488e-08,0.005022430515895,6269128.647260831,1.0,0.06619276638448023,80.07392435657668,17937443.1905769,35280.61009955336
RANDOLPH,797.93846769,45337345.53329365,80.62977099236642,0.00114483835379,3.985944163e-06,0.005433404842737,37.0,17.0,2.382194843,1.149539864,7.4009546748e-05,5.8468569e-08,0.002315992570606,3585961.9942691475,0.000789398357454,4.5234078e-08,0.000659487014601,26905138.14630458,1.0,0.093150606055002,180.6091645352143,36635666.78346563,454819.542728192
RICHMOND,484.54560219,22708988.93462743,60.75063613231551,0.001286826576035,6.875267687e-06,0.00731178434573,70.0,41.0,2.419113225,1.438853409,0.000194242628515,1.42107962e-07,0.005323092837541,4461286.132330376,0.000676343561255,2.0340672e-08,0.000243781187429,8722293.327540658,1.0,0.05544530278619348,88.57783417291282,18279780.83789695,502675.67366031243
ROBESON,958.83774441,103581722.3763559,91.0941475826972,0.001844769829875,1.0564856544e-05,0.013761355659504,99.0,9.0,2.347677805,1.819881294,0.000640975516284,5.14306956e-07,0.007654962013257,32530613.751159564,0.00067826481986,1.103249916e-06,0.000887592174428,29526528.08363238,1.0,0.07218359878935446,121.4115742508998,21564004.676018216,517968.7438207823
ROCKINGHAM,578.54217096,31805361.72113446,71.88295165394402,0.00118453783458,2.258369917e-06,0.012906198578602,50.5,39.0,2.416234415,1.269006741,5.6469477769e-05,4.6238929e-08,0.001798205756116,1659417.5147354207,0.000887482571705,6.9863545e-08,0.001800808107255,23350470.088281672,1.0,0.09625930345014795,157.43018326367985,35491212.922177196,86949.54754383494
ROWAN,529.24051323,51804955.80021877,82.91984732824427,0.001246115337662,8.000831367e-06,0.009629136963647,31.5,61.0,2.473133252,1.078200813,1.7606849952e-05,1.463445e-08,0.00179617771478,766759.622626292,0.000881626660888,4.9153687e-08,0.000796646558197,26790644.26096538,1.0,0.1322864715136605,277.3370449367176,52861573.310510784,198968.78520756247
RUTHERFORD,572.97592911,32803878.185291436,72.67811704834605,0.001405013745518,6.810717604e-06,0.009304363567873,60.0,28.999999999999996,2.398209491,1.368828183,1.9540904684e-05,1.6101573e-08,0.000686607746779,447845.17711860023,0.001017296636405,1.12084828e-07,0.001027321900434,19657361.030336764,1.0,0.07722573277226713,112.35899577840819,24364523.558056664,102122.70189236256
SAMPSON,957.39944196,89375258.55794396,90.20356234096693,0.002586257043099,6.50223196e-06,0.011908308289359,81.5,5.0,2.314849976,1.630608092,0.001515127063713,6.57078481e-07,0.008192005448092,57193067.40424584,0.000548306690256,2.7577697e-08,0.000293295743906,13414533.447712228,1.0,0.04933075737919564,61.64720534949496,14730355.464933742,1679938.6886076727
SCOTLAND,323.86069365000003,24481020.318922605,63.64503816793893,0.001354183305015,8.060668488e-06,0.009170752924642,97.0,25.0,2.394961789,1.749047616,0.000247643098708,1.71823303e-07,0.006693870175991,5078896.636551021,0.000614519612716,3.97164544e-07,3.8702800581e-05,8393764.956719637,1.0,0.0499881714271026,105.47127413033624,23151593.734629177,445872.5026880087
STANLY,408.89046042,21306503.965189375,58.842239185750635,0.001413207317504,4.799256879e-06,0.006498836607543,17.5,73.0,2.486984381,0.972780068,8.5066553695e-05,6.7729568e-08,0.002543218458886,1469523.9414731257,0.000978610660479,6.5593456e-07,0.000631233877365,13564709.15942768,1.0,0.08797089950691511,152.793977966193,33261578.856670164,284391.54799687804
STOKES,460.73678196,12901689.1296362,39.726463104325695,0.00121169959812,2.323447213e-06,0.015943799288514,38.5,12.0,2.375521016,1.184477875,4.5298767494e-05,3.6622991e-08,0.001435357477694,551760.6734318717,0.000916632266685,1.0120057e-08,0.00069269308252,8803111.819770085,1.0,0.07146750760517731,96.59094246975845,17493730.888409402,118533.86822661222
SURRY,542.0744604600001,33695094.536726564,73.56870229007633,0.00124889069481,9.424798397e-06,0.003215881461606,41.0,22.0,2.392439549,1.250636402,2.2585611421e-05,1.7866367e-08,0.000723381006131,718467.7422635796,0.000957460406509,3.5070897e-08,1.493304042e-06,18212321.482923277,1.0,0.09475221582987156,131.62582856136058,27990950.66409172,546562.7023796346
SWAIN,545.6983907700001,16379191.729505522,49.10941475826972,0.002120917499952,1.2832128568e-05,0.036932908112061,91.5,24.0,2.39408,1.677497855,1.7758014046e-05,7.824615e-09,0.000340570894273,117525.31124669156,0.001583778759614,1.62882166e-07,0.004900855320952,10189931.636248,1.0,0.018382161279198252,25.85310904086249,6976365.027626705,5073.723959664298
TRANSYLVANIA,384.16350219,24874542.13562582,64.24936386768448,0.001197578448032,1.6814226367e-05,0.05634346284344,67.0,47.0,2.438338795,1.388017238,1.5815113846e-05,1.213853e-08,0.00051020860519,216194.39380742257,0.00087376204803,1.157563089e-06,0.024719104989091,12188702.83260582,1.0,0.07299665335222194,85.71090124984057,23678453.80454985,32761.961842422053
TYRRELL,603.2045623500001,15205142.615516191,46.024173027989825,0.006538383291506,1.2229881645e-05,0.018428003367395,94.0,54.0,2.457508344,1.645772532,0.004608679073127,3.72965704e-06,0.01474838876955,11954529.736197067,0.000564712989883,1.92780597e-07,0.000614347283008,1202358.9127115845,0.6564413997864383,0.11475115059322441,5.3796012207831065,1896201.9659531838,205318.74049078964
UNION,646.1014493700001,81343975.97142237,89.05852417302799,0.001687793967806,6.933727076e-06,0.00486992448158,5.0,76.0,2.495144279,0.737271385,2.4989847019e-05,2.0292044e-08,0.002738407722767,2343844.8690624963,0.001259983232426,5.86224248e-07,7.01171031e-07,53953868.94626683,1.0,0.13650498737968847,368.12175585106127,87546815.54135884,960515.9663472741
VANCE,271.39794084,16150195.125722308,48.37786259541985,0.000947388702565,4.559699433e-06,0.024564590915697,75.5,49.0,2.443258247,1.501433352,0.000114870105428,9.1330379e-08,0.003368328266004,1747757.4530041392,0.000592823463006,6.1435702e-08,9.313293449e-06,8082981.150529973,1.0,0.0739726863169833,156.8324353097918,33236640.941641714,81641.16474657628
WAKE,865.66429404,196183467.495949,95.54707379134861,0.001210209018587,2.440817866e-06,0.010864482440575,5.0,96.0,2.608581965,0.655987375,4.546808235e-05,3.5423417e-08,0.004927999381294,7832401.086175538,0.000913158804395,6.0780198e-08,0.000742030297667,145422303.05705297,1.0,0.2590152377001757,1303.457942956189,279174309.0085601,94689.69271847131
WARREN,448.78587975,17269720.632717244,50.76335877862596,0.001404717266157,5.466641055e-06,0.023081019279099,87.0,6.0,2.3184769,1.684981522,0.000319274066886,1.51595207e-07,0.004539819797005,3810514.2198442738,0.000776869537378,3.07083575e-07,4.1571485805e-05,8287947.3316986365,1.0,0.031224619522409333,41.48526243822848,13877156.430298764,115044.62223446326
WASHINGTON,426.167976,21961774.627658088,59.63740458015267,0.004671633059672,1.1459512414e-05,0.016084184038843,91.5,62.0,2.47345038,1.617286706,0.003457274693755,3.305645694e-06,0.011972629503183,16736966.90162375,0.000544596919557,1.170024146e-06,0.000305279050456,2633246.987828517,0.8886166283714382,0.041946657018115556,25.818458025105105,6172321.110772528,148230.54419274337
WATAUGA,316.47976152,31730131.87106012,71.85114503816794,0.001316702717169,8.643976125e-06,0.056636257960969,44.5,86.0,2.538581411,1.221593917,1.2471265873e-05,9.14439e-09,0.000477488163942,261022.10730614755,0.001036115966595,5.43404777e-07,0.015817735682784,20862785.204972927,1.0,0.0909939229655694,170.6270244285035,49817577.68420098,68048.72417928382
WAYNE,563.35245135,90283347.83532125,90.39440203562341,0.001705435186239,7.692423436e-06,0.011281694754217,63.5,46.0,2.43730904,1.361687578,0.000588142779866,5.04405633e-07,0.007366658767475,33175478.425281193,0.000805188225424,1.472487524e-06,0.000976210447799,37664850.076370776,1.0,0.14480708290453032,207.11723135382076,54149422.983601615,1353192.409428929
WILKES,763.96100664,51115201.26742249,82.63358778625954,0.001623275738961,3.930676407e-06,0.004390889206109,78.0,30.0,2.399116379,1.543913093,2.0498519156e-05,1.6025703e-08,0.000697290137375,1096826.768413984,0.001278179224748,7.6884874e-08,0.00181282910887,39347913.85109131,1.0,0.08516545854707694,86.29759821114422,25227530.481908366,564819.0565350868
WILSON,376.87473174,37200238.24810269,76.27226463104327,0.001271279514961,5.387988672e-06,0.015240817532769,44.5,68.0,2.482579147,1.233950353,0.000258170973422,1.81673579e-07,0.007284914203301,8490756.530771844,0.000729814986418,1.167140554e-06,0.000543405188829,18159505.892346263,1.0,0.09837873650040871,208.80943552960312,48394372.13472442,719871.5120735836
YADKIN,341.12219856,12523453.579755362,38.3587786259542,0.001083583750424,3.428479206e-06,0.0055786022373,53.0,21.0,2.388248881,1.299672923,3.0754683766e-05,2.4573995e-08,0.000962507634363,530839.7583476385,0.000777697234873,1.5432978e-08,0.000779167384007,7516405.286925693,1.0,0.10495091032645631,109.0782134879308,21242216.18407946,527086.6386268755
YANCEY,316.34248698000005,13860210.91768315,42.239185750636125,0.001569851990325,1.0392044088e-05,0.026866702468004,84.0,52.0,2.447373911,1.570305452,1.7870405569e-05,8.605012e-09,0.000249554158179,127009.70642325324,0.001194605277967,1.38749975e-07,0.002862028579106,8126351.667375859,1.0,0.047325467453852806,58.36395918948212,13534571.258114599,27771.06573280313
