COUNTY,EP_POV150,EP_UNEMP,EP_HBURD,EP_NOHSDP,EP_UNINSUR,EP_AGE65,EP_AGE17,EP_DISABL,EP_SNGPNT,EP_LIMENG,EP_MINRTY,EP_MUNIT,EP_MOBILE,EP_CROWD,EP_NOVEH,EP_GROUPQ,EP_NOINT,EP_AFAM,EP_HISP,EP_ASIAN,EP_AIAN,EP_NHPI,EP_TWOMORE,EP_OTHERRACE,E_HU_PER_SQMI,E_HH_PER_SQMI
ALAMANCE,23.5,5.0,24.4,11.7,9.7,16.9,22.0,12.8,6.3,2.8,38.8,8.0,11.4,1.7,5.0,2.9,13.9,19.4,13.5,1.6,0.1,0.0,3.5,0.6,174.88405329681055,159.0971395666211
ALEXANDER,21.5,5.6,16.5,14.0,9.1,20.4,19.7,17.1,4.6,0.5,13.9,0.6,25.9,2.9,2.8,3.5,16.4,4.4,5.1,1.1,0.2,0.0,3.0,0.2,61.67664896300123,52.92998854879076
ALLEGHANY,34.0,5.3,21.4,17.7,13.4,28.0,16.3,17.4,3.4,1.5,13.8,1.3,15.6,3.2,5.6,1.7,20.2,1.8,10.0,0.3,0.3,0.0,1.3,0.0,32.899686207649026,21.02326570116014
ANSON,34.8,6.4,29.9,17.5,13.0,19.5,20.0,20.6,8.7,0.6,55.8,0.9,23.8,1.8,7.1,8.8,15.9,47.3,4.6,1.5,0.2,0.0,2.1,0.1,18.746438007561693,15.55335306338502
ASHE,24.5,5.1,17.9,13.0,11.0,26.6,16.9,17.9,5.0,1.0,8.1,2.3,17.2,1.2,4.2,1.6,20.0,1.0,5.3,0.4,0.2,0.0,1.1,0.1,39.94239423828498,27.73634013151905
AVERY,25.8,5.0,18.9,13.1,14.6,22.7,13.9,19.0,4.8,0.9,12.5,8.0,11.8,2.4,4.5,17.1,18.2,3.6,5.1,0.5,0.8,0.0,2.4,0.0,56.25909957012179,26.20303444584688
BEAUFORT,27.6,5.6,28.6,13.2,11.3,24.4,19.6,17.1,7.0,1.0,34.3,2.2,25.7,1.4,5.8,1.2,18.9,23.1,8.4,0.2,0.1,0.0,2.3,0.2,29.179726852979456,22.782739119088287
BERTIE,35.8,6.4,32.9,19.5,11.9,23.9,17.1,23.5,7.9,0.0,65.9,0.4,29.1,1.9,11.3,8.5,35.4,61.3,1.4,0.8,0.3,0.0,2.0,0.1,12.883735169936992,9.988899470119888
BLADEN,35.0,5.5,27.8,11.8,10.0,22.8,20.3,14.8,6.6,1.5,45.4,1.4,30.5,1.4,7.9,1.5,19.6,33.7,8.1,0.3,2.7,0.0,0.6,0.0,17.539944415908852,13.012106275706163
BRUNSWICK,16.3,5.0,23.3,6.5,8.8,32.7,14.5,14.9,3.2,0.4,18.6,4.0,18.8,1.5,2.4,0.7,7.2,8.6,5.1,0.6,0.2,0.0,3.8,0.2,106.40787042645343,71.65891422189632
BUNCOMBE,21.2,3.6,27.3,7.9,11.3,20.6,18.0,13.6,5.1,2.3,17.5,10.2,12.7,2.2,5.4,2.6,14.1,5.6,7.1,1.1,0.1,0.1,3.1,0.3,198.14422251370567,156.77309926379027
BURKE,28.2,6.0,18.3,15.2,10.8,21.0,18.2,20.4,5.3,1.2,19.1,2.1,20.2,1.9,4.6,3.2,20.1,5.9,6.7,3.4,0.1,0.1,2.4,0.5,78.56605622240684,69.52285089753373
CABARRUS,16.5,4.9,22.9,8.0,8.0,13.3,25.2,10.7,6.9,1.4,39.1,8.5,5.5,3.0,3.7,0.8,9.4,18.6,11.3,4.9,0.0,0.0,3.5,0.6,243.69645197826992,212.8271089512716
CALDWELL,26.0,5.8,18.5,18.1,11.3,20.7,19.9,18.8,6.3,0.7,13.9,3.0,17.1,2.1,4.8,1.3,16.8,4.2,6.2,0.5,0.1,0.1,2.7,0.1,78.67336520085652,68.06703004044476
CAMDEN,13.0,5.7,23.7,7.7,3.7,15.8,23.8,15.5,7.6,0.5,21.2,4.1,14.0,1.2,1.3,0.3,7.1,8.1,3.7,1.4,0.2,0.2,6.7,0.9,17.351509422850146,16.10736042586401
CARTERET,16.8,4.9,24.3,7.9,10.1,25.8,17.1,17.4,3.7,0.4,14.0,10.5,16.7,0.9,3.9,1.7,8.7,4.2,4.5,1.2,0.3,0.0,3.5,0.2,100.6611553018732,59.916791477829406
CASWELL,23.4,6.0,22.1,16.3,9.9,22.0,18.1,19.9,5.8,1.2,40.4,0.6,21.8,1.1,4.7,5.6,22.9,32.0,4.8,0.9,0.1,0.0,2.6,0.0,24.668135694673836,19.99922141947873
CATAWBA,22.2,5.1,20.4,12.6,11.8,18.3,21.8,14.0,6.4,2.0,26.5,6.4,13.0,2.5,4.9,1.7,13.5,8.1,10.4,4.1,0.1,0.0,3.6,0.3,177.0097330951727,160.55373513475755
CHATHAM,19.4,2.8,20.3,10.6,8.8,24.8,19.5,12.9,4.1,3.3,28.9,2.4,13.5,1.8,3.1,0.9,15.1,10.6,12.2,1.7,0.2,0.0,3.6,0.7,50.155596189380375,45.668144632102965
CHEROKEE,29.8,4.9,22.6,8.8,16.2,30.7,16.1,18.1,3.3,0.3,9.9,0.4,19.2,0.9,4.3,1.5,20.2,1.5,3.7,0.5,1.6,0.0,2.5,0.1,39.52665039426445,28.00627600411118
CHOWAN,31.8,4.3,25.6,13.4,6.6,25.6,19.6,16.5,8.9,0.8,39.8,0.5,22.1,0.5,10.2,2.0,18.9,33.4,3.7,0.1,0.1,0.0,2.5,0.1,41.48107024783083,36.00200120923156
CLAY,23.3,4.0,24.2,11.7,15.3,31.9,16.5,16.3,1.8,0.3,8.3,3.2,14.0,1.4,7.3,0.8,20.6,1.0,3.9,1.1,1.1,0.1,1.1,0.0,34.04915127374114,22.75525246327072
CLEVELAND,29.6,6.4,24.9,13.2,11.2,18.7,22.1,16.2,7.5,0.7,28.5,2.6,19.5,3.4,6.5,1.7,23.4,20.1,4.1,0.9,0.1,0.1,3.0,0.2,94.30709358843117,78.76587390361708
COLUMBUS,35.9,5.8,29.5,14.4,14.2,20.1,20.6,17.5,7.2,1.2,41.2,1.6,30.7,1.9,6.2,5.3,22.7,28.5,5.9,0.5,3.1,0.1,3.0,0.3,25.200383084295563,20.450461041081613
CRAVEN,24.0,5.1,26.5,9.1,9.2,19.8,21.7,15.4,7.3,1.5,35.2,4.8,14.2,2.0,5.9,4.7,17.5,20.8,7.8,2.6,0.3,0.2,3.1,0.5,66.59049861165776,58.03227997433455
CUMBERLAND,28.1,7.9,34.5,7.7,10.8,12.5,24.9,16.7,9.9,1.4,59.0,11.1,8.5,2.8,6.9,4.8,11.4,36.4,12.5,2.4,1.0,0.3,5.5,0.8,218.68091214001223,194.22791698214357
CURRITUCK,13.8,3.2,21.3,7.2,11.2,16.7,22.2,11.7,7.0,0.4,14.8,0.9,11.2,1.0,1.7,0.4,10.4,5.6,4.8,0.8,0.2,0.0,2.3,1.2,61.92582404858323,42.41149599430683
DARE,13.2,5.1,24.3,5.1,11.6,23.0,18.4,10.6,3.7,1.5,14.2,4.7,4.5,2.7,1.8,0.5,7.1,3.0,7.6,0.5,0.1,0.0,2.3,0.7,90.00627375931055,41.961873085074444
DAVIDSON,24.8,4.3,21.9,13.5,10.9,18.5,21.7,15.3,6.6,1.5,21.9,2.9,13.6,1.8,4.2,1.1,14.9,9.5,7.8,1.5,0.1,0.0,2.8,0.1,135.50384506538626,122.35441513121485
DAVIE,18.0,4.6,19.0,10.2,10.2,21.4,20.9,18.1,3.6,1.2,16.7,3.3,16.5,1.8,5.0,0.8,8.3,4.1,7.3,0.8,0.4,0.0,3.8,0.3,71.46405719449251,62.44999171551619
DUPLIN,31.6,5.4,22.7,19.7,14.8,19.1,23.7,17.2,6.9,7.2,49.4,1.1,33.7,3.9,5.2,0.9,23.7,21.4,23.2,0.5,0.2,0.4,3.6,0.2,29.292274741976755,24.903036339407766
DURHAM,20.1,4.3,28.0,9.3,11.4,13.8,20.0,9.7,6.9,4.9,57.4,21.3,1.3,2.7,7.0,4.5,8.3,34.0,13.8,5.2,0.2,0.0,3.8,0.4,506.07145028135955,471.1238011666288
EDGECOMBE,35.5,8.6,28.9,14.4,11.6,20.1,22.7,16.0,10.6,0.8,64.6,1.7,23.4,2.2,10.4,1.5,24.1,56.0,5.4,0.2,0.2,0.1,2.5,0.1,45.95833621565193,38.28377484062443
FORSYTH,24.9,5.6,27.3,10.8,10.5,16.4,22.7,12.3,8.3,2.7,44.8,14.4,3.6,2.1,6.6,2.7,13.0,25.2,13.7,2.4,0.2,0.1,2.9,0.5,419.3868171189126,375.3884714314607
FRANKLIN,20.6,5.9,20.1,13.1,9.8,16.9,21.7,16.8,6.9,1.6,37.6,1.7,24.5,2.4,3.2,2.1,13.1,23.5,9.4,0.6,0.3,0.0,3.4,0.3,60.52029903296362,53.82858071158601
GASTON,22.3,4.9,26.2,12.4,10.2,16.4,22.3,14.7,7.0,1.5,30.5,5.7,8.3,1.9,5.4,1.3,14.0,17.0,8.0,1.6,0.2,0.1,3.1,0.3,277.20560144203694,254.18665248640255
GATES,24.0,9.3,20.4,9.5,7.4,21.2,19.6,19.1,4.2,1.0,37.0,0.0,41.8,0.9,3.4,0.6,26.1,31.4,3.2,0.1,0.6,0.0,1.8,0.0,14.1480578223599,12.166331524353481
GRAHAM,21.2,7.7,19.0,15.9,17.7,23.6,20.3,19.6,5.0,1.0,14.6,1.3,27.9,1.0,6.4,1.8,27.1,0.5,4.1,0.0,8.1,0.0,1.7,0.1,18.05684651163669,10.888223645768784
GRANVILLE,23.7,4.7,22.8,14.2,10.6,17.1,20.2,16.4,6.6,1.8,43.7,0.9,19.1,1.5,4.1,6.8,12.7,28.8,9.3,0.7,0.3,0.4,3.7,0.5,45.76019656598873,40.423637329592
GREENE,33.0,5.5,28.2,23.9,16.9,16.5,19.1,20.5,8.2,3.1,54.2,2.6,40.4,4.0,5.5,13.3,21.1,31.9,15.9,0.1,0.7,0.0,5.5,0.1,29.576247537731508,25.467289836964145
GUILFORD,24.1,5.2,28.8,9.9,9.2,15.5,21.9,11.9,8.4,2.5,51.9,14.3,2.9,2.7,6.3,4.1,12.7,33.9,8.6,5.2,0.2,0.0,3.5,0.5,361.2165975261835,329.47012140859374
HALIFAX,38.1,9.3,33.5,18.9,10.3,21.2,21.3,20.1,11.2,0.4,62.5,3.3,24.2,2.1,9.2,2.5,33.2,51.5,3.3,0.9,2.9,0.2,3.7,0.1,34.33149658903477,27.826377824549088
HARNETT,24.7,5.3,25.2,11.8,10.8,13.2,25.5,15.5,7.1,1.9,40.0,1.0,19.1,1.9,4.3,2.4,18.4,20.2,13.7,1.0,0.7,0.2,4.0,0.2,89.50921673264362,80.46282214736817
HAYWOOD,23.4,3.5,23.9,9.6,11.2,25.1,17.9,17.2,5.3,0.6,8.6,2.0,16.6,1.3,4.3,0.9,19.8,0.8,4.5,0.4,0.4,0.0,2.5,0.0,63.319267543552236,47.837651531220416
HENDERSON,19.7,3.5,23.1,8.4,12.3,26.1,18.6,14.8,4.6,2.3,17.8,4.1,15.0,1.5,3.7,1.2,12.3,3.1,10.6,1.3,0.3,0.1,2.0,0.4,152.14942146678914,132.70977488504974
HERTFORD,35.4,7.2,31.4,16.1,10.8,20.4,17.9,20.9,7.7,0.6,67.7,1.3,22.0,1.3,9.0,9.7,23.9,57.9,4.6,1.1,1.1,0.1,2.8,0.2,27.930415839071458,23.65194277207663
HOKE,25.8,6.4,29.8,11.1,11.0,11.0,27.1,18.1,7.8,2.3,62.2,1.6,21.1,2.4,5.2,2.2,13.2,32.4,14.7,1.4,7.0,0.1,5.7,0.9,52.08727988721113,47.36861625802327
HYDE,37.0,8.7,34.8,19.0,13.8,23.4,19.7,18.8,6.0,1.9,43.1,0.0,22.2,0.0,2.2,13.7,29.5,28.5,12.4,0.0,0.6,0.0,1.7,0.0,4.7996088347508055,3.2694171102997998
IREDELL,16.3,4.6,20.9,9.1,9.3,16.3,22.5,11.8,6.1,1.8,25.5,6.2,12.2,2.2,3.3,0.8,7.9,11.4,8.3,2.5,0.1,0.0,2.8,0.4,139.0161320545841,125.86014655702618
JACKSON,29.2,5.9,23.1,10.7,15.1,20.4,16.6,13.2,5.2,2.0,20.3,5.1,16.3,3.0,4.8,8.3,23.8,1.9,6.5,1.1,7.4,0.0,3.2,0.3,54.910348101508504,36.116173259037204
JOHNSTON,19.3,3.7,22.8,10.5,11.2,13.6,24.9,12.8,6.1,2.6,35.2,3.4,14.8,2.9,4.1,0.8,16.5,16.4,14.5,0.7,0.2,0.0,3.0,0.3,107.67197461423824,100.23399996130927
JONES,30.7,4.8,22.8,14.2,12.5,23.2,18.5,20.5,4.2,0.1,38.0,1.2,32.1,1.4,7.8,1.5,24.4,27.7,5.7,1.0,0.7,0.0,2.9,0.0,9.905220671156917,8.093471163089236
LEE,27.0,5.2,25.6,14.9,13.7,16.8,23.8,17.4,8.6,5.4,42.8,4.3,14.2,3.3,4.0,1.6,24.9,18.4,20.0,1.1,0.1,0.0,3.1,0.1,104.1316014955761,94.29085150484207
LENOIR,36.9,7.1,29.3,17.9,10.8,20.9,22.4,23.4,10.3,1.9,51.8,4.5,22.2,3.2,8.6,2.3,21.4,39.8,8.3,0.8,0.1,0.1,2.7,0.1,66.8551613362213,56.79218288990127
LINCOLN,15.9,4.4,18.6,10.2,8.5,18.6,20.8,15.2,4.3,1.2,16.7,2.1,17.4,2.4,3.4,0.8,10.5,5.6,7.6,0.8,0.2,0.0,2.3,0.2,127.4815398271239,118.00027987179888
MCDOWELL,26.5,5.5,16.6,13.8,12.6,20.6,19.6,19.1,5.9,1.2,13.3,1.8,27.9,2.4,6.4,3.2,20.1,3.6,6.5,1.1,0.4,0.0,1.7,0.0,48.47777021945866,41.331572283882046
MACON,27.4,3.5,21.9,10.5,15.5,28.8,17.8,16.9,3.8,2.4,12.2,1.3,15.4,1.3,6.4,0.9,20.3,1.0,7.9,0.9,0.3,0.0,2.0,0.2,52.230580349359975,33.72129934100682
MADISON,22.8,1.7,21.0,11.1,9.0,22.9,17.6,18.5,4.0,0.0,7.2,1.8,23.3,2.4,4.5,4.6,20.7,1.1,2.7,0.4,0.2,0.0,2.1,0.8,24.669988182500436,18.78717906397234
MARTIN,30.0,9.6,27.2,18.0,8.2,24.3,20.3,20.9,7.6,1.1,48.8,2.7,23.3,1.9,9.3,0.7,21.6,41.6,4.4,0.6,0.1,0.1,2.1,0.0,24.337651594429975,20.44643182204002
MECKLENBURG,18.3,4.5,28.8,9.1,11.5,11.6,23.0,8.1,7.6,4.9,54.9,24.6,1.4,2.5,5.6,1.3,7.6,30.9,13.9,6.2,0.2,0.0,3.3,0.4,919.2165863321923,852.9014121767931
MITCHELL,20.9,6.3,19.6,10.2,10.6,25.1,18.2,18.6,5.3,0.6,8.9,2.2,17.7,1.1,8.4,2.6,20.4,0.8,6.0,0.3,0.3,0.0,1.4,0.0,39.163765242536144,29.28355856969321
MONTGOMERY,27.1,3.1,18.1,16.1,13.9,21.2,21.2,18.0,7.5,3.5,37.5,0.3,25.2,2.4,4.4,3.5,23.8,17.1,15.9,1.5,0.5,0.0,2.3,0.2,30.36597168251358,19.337301409774327
MOORE,16.4,4.6,21.1,7.2,8.3,24.1,21.5,14.3,4.1,1.8,23.7,3.6,11.7,1.2,4.2,1.3,11.7,10.3,7.3,1.3,0.4,0.1,4.0,0.4,69.6589442290781,59.89278748388397
NASH,24.5,6.4,26.3,13.4,11.6,18.8,21.9,15.1,7.7,1.2,52.2,3.9,16.4,3.1,6.9,2.0,18.0,40.4,7.5,0.8,0.5,0.0,2.5,0.5,80.15638721697128,69.92960161798236
NEW HANOVER,21.4,4.8,30.5,6.5,10.5,18.5,18.0,12.0,4.9,1.1,23.3,16.7,2.3,0.9,6.3,2.9,9.0,11.9,6.1,1.3,0.2,0.0,3.5,0.4,596.2144168828119,520.0134030783784
NORTHAMPTON,32.3,7.6,27.8,16.5,11.2,27.6,17.6,19.0,5.2,0.3,61.1,0.6,25.7,1.7,8.1,4.3,36.5,53.8,2.6,0.1,0.2,0.0,4.2,0.2,19.84683816121372,13.905083852528916
ONSLOW,25.0,6.4,31.6,8.0,10.3,9.6,24.3,16.3,7.6,0.9,34.8,6.9,13.1,1.7,3.8,10.1,8.6,13.4,13.3,1.8,0.3,0.1,5.7,0.1,110.9207173535988,93.17728665887896
ORANGE,18.0,3.9,26.2,6.6,6.3,15.4,19.2,8.3,4.6,2.7,31.5,15.3,6.6,2.3,4.7,8.0,7.4,10.6,8.7,7.8,0.3,0.0,3.5,0.5,153.97538043767776,139.69040526074522
PAMLICO,25.1,4.6,24.0,10.0,9.3,30.3,14.5,20.9,2.4,1.3,26.1,0.9,22.9,0.3,4.8,6.8,16.6,19.2,4.5,0.6,0.1,0.0,1.6,0.1,21.413593259116873,15.244481462568633
PASQUOTANK,21.1,5.8,29.4,10.3,10.7,17.6,21.6,15.1,7.3,1.1,46.3,4.5,14.2,0.6,6.2,5.8,12.7,35.1,6.2,1.3,0.1,0.1,3.2,0.2,76.8917159727983,67.9750096722554
PENDER,18.8,6.4,21.5,9.8,9.3,18.0,22.1,16.0,5.0,1.1,26.0,3.3,22.9,2.4,3.1,1.9,13.4,13.3,7.8,0.5,0.2,0.0,3.9,0.3,34.7562995528901,26.693590958660565
PERQUIMANS,22.5,5.0,24.9,13.6,10.7,28.1,18.6,20.9,6.8,0.2,29.4,1.6,24.6,1.4,4.0,0.7,18.6,22.8,3.2,0.4,0.0,0.0,3.0,0.0,27.940006612851274,22.526782047546465
PERSON,24.8,3.7,24.5,11.6,8.4,20.3,20.6,20.2,6.1,0.4,34.4,1.1,19.6,1.6,5.2,1.2,15.1,25.5,4.9,0.4,0.1,0.0,3.4,0.1,46.82679930998019,41.13529904549152
PITT,29.9,7.5,30.6,9.8,10.1,14.1,21.2,14.8,9.2,1.4,46.9,15.0,10.9,2.0,9.2,3.8,14.4,35.0,6.7,1.7,0.2,0.0,3.0,0.2,123.80018827075403,110.60207006054401
POLK,19.6,4.3,20.1,7.2,9.9,31.7,15.7,18.1,3.5,0.9,14.5,3.6,12.7,2.0,3.7,1.7,19.0,4.9,5.9,0.2,0.1,0.0,1.7,1.6,45.7787244761437,35.933837492026775
RANDOLPH,25.3,3.9,21.4,16.0,12.9,18.0,22.2,17.2,5.6,2.6,22.6,2.9,20.2,2.3,3.7,1.1,14.4,5.5,12.4,1.2,0.1,0.0,3.2,0.2,79.57020834715837,71.44688630108227
RICHMOND,36.7,9.6,30.1,17.3,10.3,17.9,23.3,16.2,11.2,1.0,44.4,2.4,20.5,3.7,10.7,2.9,20.0,31.8,7.1,0.7,2.3,0.0,2.3,0.2,41.73201771730646,35.05464155179451
ROBESON,41.9,6.4,26.3,21.6,14.5,15.7,24.9,17.0,10.4,2.2,75.7,2.0,37.4,4.2,8.0,3.0,29.6,23.5,9.4,0.6,39.8,0.0,2.2,0.2,51.526754824610094,44.874123063230634
ROCKINGHAM,28.5,6.5,24.5,16.4,10.0,20.8,20.1,17.6,6.8,1.4,28.9,5.0,17.5,1.6,7.0,1.5,22.7,17.4,6.5,0.6,0.1,0.2,3.6,0.5,77.05581115262824,68.43551713206624
ROWAN,26.1,6.3,22.7,12.6,10.8,17.7,22.0,15.5,6.6,2.4,29.6,3.7,17.1,2.8,5.9,3.0,12.5,15.8,9.8,1.1,0.1,0.0,2.8,0.1,124.13379139174883,110.66648297880639
RUTHERFORD,30.0,6.0,20.5,14.1,11.9,21.7,20.2,21.2,6.9,0.7,18.1,1.3,18.2,3.1,6.0,2.0,19.3,8.6,5.0,0.5,0.1,0.0,3.2,0.5,57.72528114594543,46.46496052535001
SAMPSON,31.9,5.7,24.2,17.4,15.8,18.1,24.2,14.1,6.4,4.5,50.2,2.4,35.4,4.1,5.1,2.2,22.2,25.0,21.0,0.6,1.4,0.0,2.0,0.2,27.153193325936044,22.617970457792552
SCOTLAND,40.2,10.8,28.2,17.8,12.3,18.0,22.7,16.7,10.6,0.7,58.8,2.1,27.5,5.3,11.5,6.4,20.4,39.0,3.6,0.4,11.5,0.0,3.8,0.5,45.19015267655296,38.30290017460709
STANLY,23.9,4.3,21.4,14.0,11.2,18.9,21.5,17.1,6.5,1.4,20.3,0.6,11.2,2.8,5.4,3.4,13.8,11.2,4.8,1.9,0.0,0.0,2.3,0.0,70.37075591038675,60.172792614114954
STOKES,21.9,5.3,21.2,12.5,8.6,21.9,18.5,19.8,6.0,0.2,10.2,1.0,23.6,2.6,2.8,1.2,18.4,4.3,3.6,0.0,0.3,0.0,1.5,0.5,47.36899385710881,42.26823116410936
SURRY,29.3,4.9,21.5,18.0,12.6,20.6,21.0,19.0,5.9,2.1,17.4,2.9,23.1,2.2,5.1,1.5,21.7,3.5,11.5,0.6,0.2,0.1,1.4,0.1,62.98573127865004,54.42655070994858
SWAIN,30.0,7.5,18.4,14.9,24.0,19.2,22.6,17.9,8.2,0.5,40.5,0.2,23.9,4.7,8.9,2.4,25.5,1.2,6.9,0.5,27.9,0.0,3.9,0.0,16.0139235779213,10.770694783682957
TRANSYLVANIA,20.5,4.0,21.2,6.2,13.6,31.0,15.5,14.9,5.7,0.6,10.2,2.8,14.0,2.6,4.6,3.6,13.8,4.3,3.5,0.1,0.2,0.0,1.9,0.2,50.40726183056983,37.93495328513889
TYRRELL,25.7,3.9,26.6,22.7,12.3,22.4,17.1,19.9,5.7,1.7,42.9,0.0,30.6,1.3,7.6,19.8,24.6,32.8,8.6,0.4,0.0,0.0,1.2,0.0,4.721369957718481,3.457219952779224
UNION,12.8,4.3,17.9,9.6,8.8,13.1,26.0,9.2,5.2,2.6,30.3,1.7,5.0,2.4,2.7,1.1,6.8,11.1,11.8,3.8,0.1,0.0,3.1,0.4,134.01783406008664,126.86319910654986
VANCE,30.8,7.0,29.6,15.3,12.5,18.7,23.7,18.3,11.0,1.4,61.8,2.0,23.4,2.0,7.8,1.6,19.7,48.8,8.5,0.9,0.1,0.0,3.4,0.0,76.83181317315564,63.879915624524976
WAKE,13.9,4.2,23.3,6.0,8.3,12.2,23.4,8.8,6.1,2.5,41.7,18.7,2.7,2.0,4.0,1.9,5.8,19.2,10.4,7.9,0.2,0.0,3.5,0.5,559.2543911308271,515.8054195274823
WARREN,38.6,9.9,27.9,14.6,11.2,26.3,18.0,22.0,9.3,1.0,62.2,1.1,35.1,1.9,10.4,4.7,25.5,47.7,4.2,0.6,5.1,0.0,4.1,0.4,26.6377403550559,17.899779014596927
WASHINGTON,35.0,12.7,30.5,14.2,8.7,26.0,20.2,23.6,9.6,0.0,56.9,0.6,23.3,0.1,18.2,1.3,33.6,47.6,6.2,0.0,0.4,0.0,2.4,0.3,17.491577154611562,14.132363195204226
WATAUGA,34.5,9.3,33.6,7.5,9.4,16.2,12.1,11.1,2.7,0.7,8.9,11.4,7.9,1.3,3.4,10.6,10.8,1.7,4.0,1.4,0.3,0.0,1.5,0.1,104.92592344412205,67.83393897674779
WAYNE,29.9,5.0,27.9,14.3,12.2,16.6,23.4,15.6,8.1,3.5,48.4,4.3,22.7,3.0,7.0,2.5,13.1,30.5,12.7,1.1,0.1,0.1,3.6,0.2,95.46837107438978,84.7574704733468
WILKES,28.3,6.0,20.5,18.5,11.7,22.3,20.0,19.0,5.3,0.6,13.5,3.0,24.0,1.4,5.7,1.4,15.5,3.7,7.0,0.4,0.2,0.4,1.7,0.0,42.11748979661431,36.154726379609464
WILSON,35.0,6.6,28.5,16.6,12.0,18.9,22.8,14.8,7.9,1.7,54.6,2.8,14.4,2.5,9.2,1.8,20.0,39.1,11.2,1.0,0.2,0.0,2.6,0.5,99.10653860435232,87.8380634087876
YADKIN,26.0,5.2,21.3,13.5,12.2,20.6,20.6,15.6,4.6,1.6,17.1,2.5,21.8,2.9,4.6,1.0,18.9,2.9,11.6,0.1,0.1,0.0,1.9,0.6,50.94900877432443,44.33593790206375
YANCEY,25.7,7.6,20.3,11.5,10.1,26.2,18.5,18.4,5.3,0.8,8.0,2.0,17.6,1.9,4.2,0.9,20.2,0.4,5.4,0.4,0.1,0.0,1.7,0.0,36.0405839448211,25.141394392184363
