COUNTY,Factor1,Factor2,Factor3,Factor4,Factor5
ALAMANCE,1.0849436638370678,-0.35720038120135866,0.9387624458293935,0.0901686326615085,-0.0589587420394653
ALEXANDER,-0.7417989133086708,-0.9661288797273564,-0.2991078180626128,-0.8710150337690991,-0.07846892866653789
ALLEGHANY,-0.6652288106765023,-0.09580939561008593,-1.4005031478414836,-0.9987654862368123,1.4501200809339103
ANSON,-0.7587204356659872,1.32820732209571,0.04903211781186245,0.10553728822856402,0.6159119347587476
ASHE,-0.42742779709343415,-0.4687140300673319,-1.3707923027792714,-1.3188657354934452,0.2207278856438983
AVERY,0.24406345334843924,-0.3418593618280107,-1.3187609241138407,-1.0146667908388922,0.42267532891044823
BEAUFORT,-0.47011695392727343,0.10504627053799101,-0.5844876323370156,1.4197789682798294,-0.05364838962272123
BERTIE,-1.4058726682225287,1.9512333395964734,-0.9562545451265795,0.5640483173715491,0.17433805042773765
BLADEN,-0.6301101087968622,0.7969589217994072,-0.3151064133928768,0.6018700912674805,0.5080137801572696
BRUNSWICK,0.38293190625815215,-1.460491293176716,-1.6576840948027092,1.9060839621426755,-1.4738751195351327
BUNCOMBE,1.0528963269411424,-0.7332911729126158,-0.4926474338760337,-0.06972957694602551,-0.6436866759841522
BURKE,-0.39738680704486445,-0.25018760114555777,-0.41448875146125763,-0.9552700269727095,0.23695353376980602
CABARRUS,1.7842303495875602,-0.6834799958496938,1.6574225584558697,-0.608910731733949,-0.6442711126419497
CALDWELL,-0.1949579001963866,-0.3914080806997703,-0.17053486945886248,-1.0185763634703426,0.07246358218801897
CAMDEN,0.7167905080006208,-1.1231227475425478,1.1503875519781839,0.5763098547485898,-3.009582431356959
CARTERET,0.764696918841691,-1.0635281964291603,-1.1002773089647675,2.3696836706165416,-1.6444506560146586
CASWELL,-0.7031336022429898,-0.13210589844040882,-0.33512955414423856,-0.2727139503019837,-0.4251350999711267
CATAWBA,0.9029181930378967,-0.7214315503613044,0.6480095289269004,-0.252486730219,0.006422799493203598
CHATHAM,0.49670986629218017,-1.3257246267470606,-0.04547768233596227,0.3089930550839684,-0.4591280617776637
CHEROKEE,-0.8808626961314984,-0.40189162123455935,-1.6905509101339442,-1.060408282772138,0.23807254913501755
CHOWAN,-0.6177457578030697,0.7811950834923673,-0.5570451276129735,0.9896424926554933,-0.9683396772138845
CLAY,-0.2573053890771231,-0.43928375407190196,-1.929784096110447,-1.6038657236581477,0.6028822686545774
CLEVELAND,-0.22654675496712773,0.45557511851827825,0.30189840726279543,-0.6518464520722891,-0.018139545728076842
COLUMBUS,-0.9443006166540379,0.9168673419171642,-0.13438063097348496,0.4639028895290158,0.9126138143618028
CRAVEN,0.6004840582328451,-0.12040386414076844,0.23018642544703274,1.1773007696814892,-0.6795099120120485
CUMBERLAND,1.2901473919065787,0.9440095337815613,2.0676324063743405,0.6764749439692913,-0.35288692057523025
CURRITUCK,0.5503097226279917,-1.6022861757644369,0.3348367108112108,1.08103769696969,-1.7019337816617315
DARE,1.3497260030845941,-1.7213661229417447,-0.9133791973813609,2.9304805391433755,-1.8142780565249255
DAVIDSON,0.41306536411298,-0.5193500203929061,0.20961706044887649,-0.28148498967739133,0.008212229442159479
DAVIE,0.31105089309472017,-1.1938268033095705,-0.002939778354297451,-0.41157650304814863,-0.7731252226245797
DUPLIN,-1.076154572597263,0.18705532993218857,1.3036055149369283,0.3916026197967875,2.545830314723052
DURHAM,2.4827468046769066,-0.1639898888103835,1.117471621661056,0.4838758587597405,-0.04552031584797847
EDGECOMBE,-0.6654841483626237,2.178179168265629,0.41693426170501213,-0.29552111251324226,0.7674562448249983
FORSYTH,1.8031242577137725,0.14302332253370628,0.9526139612172441,0.22829454118506537,0.18884940082560142
FRANKLIN,-0.20380383431790713,-0.5950969239754483,0.9896932603712724,-0.2055213597051072,-0.391739659967847
GASTON,1.06245062551416,-0.3942606916993282,0.5203376816349334,-0.14083670536296877,-0.5178747997472375
GATES,-1.6584699521663737,-0.09269175926794043,-0.13637361791562058,-0.29011552221438025,-1.0016913548626527
GRAHAM,-1.227302983224677,-0.1694053961953714,-0.8582552916446938,-2.3754580783368153,0.47733616940404494
GRANVILLE,-0.04785378140026238,-0.46853209581093525,0.4992294678765656,0.46207452057593845,-0.3434843470485766
GREENE,-1.3074525095707412,0.8028714981365156,0.8263501024562738,0.2418823366164021,2.2938590653842783
GUILFORD,1.8917143766158786,0.37106761608115757,1.043395609924839,0.2099937766249101,-0.2890754886060223
HALIFAX,-0.8467241586888197,2.370560290427869,0.12742085850138193,0.03121851218857457,0.4444457722059636
HARNETT,0.021308117689388183,-0.349638039950439,1.4694560128416219,0.23103181512884055,0.0501150918828773
HAYWOOD,-0.18548125705600735,-0.577440494034937,-1.223458899818151,-1.0345361445038994,-0.44597636291435944
HENDERSON,0.5029660688273576,-1.201527286515906,-0.6778291980912191,0.07991469298678415,-0.026598941202857683
HERTFORD,-0.6514716167607713,1.718480209860435,-0.29393201977670025,0.5348180023603116,0.30289274239607644
HOKE,-0.04788901462288352,0.31610783581431223,2.2587464977667704,0.4313152031828851,0.20533079209503613
HYDE,-1.158676911494967,0.8032272966768639,-1.1458192244520449,2.326769616166955,0.9330022548174958
IREDELL,1.1886543537220724,-1.1711823827384666,0.928501097668808,-0.2920023358608029,-0.8901901671568457
JACKSON,0.0534688692703462,0.1547155392704644,-0.8192359880494559,-1.4716116039973808,1.043593323494091
JOHNSTON,0.6851997813652821,-0.8380109533015864,1.3428868756178451,0.11995719802852628,0.13970683229090364
JONES,-1.202700379075006,0.6292375533601023,-0.848931558728276,-0.32330950489459237,0.9622138359516013
LEE,0.19466707287612867,0.09118806651212133,1.113381206536437,0.17101334333671941,1.452308242138416
LENOIR,-0.5001228551733877,1.7293292571270553,0.3314878523208881,0.43321184699268517,0.7623595472255477
LINCOLN,0.41245683497940144,-1.5060360834763138,0.06491415807954395,-0.33024162333244617,-0.9439359440388404
MCDOWELL,-0.8160562588675355,-0.11898179300779142,-0.36449143904051234,-1.7468887576534902,0.6141346642781399
MACON,-0.4059126599018505,-0.4714834255617954,-1.3270364820236353,-0.8455115048857323,0.5959104508126871
MADISON,-0.49440783295660035,-0.8356268552328079,-0.7848238750392342,-1.3929763224292349,-0.792336040567613
MARTIN,-0.4971449533243009,1.0862022517545982,-0.3180724834601725,0.36639173462650476,-0.6859056821720992
MECKLENBURG,2.7571472370178998,-0.2292768107921781,1.5874021597190902,-0.004121145401865994,0.20342870278612862
MITCHELL,-0.3179180083716301,-0.47677362660745354,-1.1734483544513201,-1.2693198374790369,-0.6388707237880362
MONTGOMERY,-0.8543473251754059,-0.3950501651831727,0.44603947028332186,-0.21382218822482357,1.3306421200105392
MOORE,0.6673709002013258,-1.2857117622205911,0.019038878182768042,0.5348575525843536,-1.3475743699703293
NASH,0.31885989485677346,0.4404931120856748,0.6824231040616827,0.15983631527489636,-0.02804162016166377
NEW HANOVER,2.005587346281063,-0.48354579896358607,-0.5721840197999541,1.9337841335352641,-1.3074424245676257
NORTHAMPTON,-1.416868048348423,1.4979609845689565,-1.01639977732388,-0.13954485676098635,0.5153042261380977
ONSLOW,1.0392724462104115,-0.16797426654745382,1.5855943213591355,1.4719991186539259,-0.634694468715622
ORANGE,2.188022496796844,-0.9850577442441256,0.4292144123273641,0.19062563154686898,-1.4462457969271425
PAMLICO,-0.564022666276865,-0.544658080889106,-2.0481614782554254,1.9933147058242346,-1.0241622900600011
PASQUOTANK,0.7027154113078564,0.1323292942107451,0.29282123959223283,1.1827622306999337,-0.8633394337433391
PENDER,0.11392166417956483,-0.8545441867511645,0.5025001594403332,0.5991939274564234,-0.9248370027281497
PERQUIMANS,-0.6872949870409633,-0.20411299812605527,-0.8300355511526272,1.0118864271487396,-0.8379838662567232
PERSON,-0.42116393869335444,-0.055250028682798304,-0.09323582598771604,-0.12271627218471,-0.569259564331544
PITT,1.2158664549433353,1.1107882230974442,0.6208095626531642,0.5386665049256184,-0.41997300843823604
POLK,-0.08579232935807334,-0.9076904264612838,-1.3355341430593672,-0.5811640293938554,-0.5564123578263179
RANDOLPH,-0.014584866925701842,-0.7058915390029311,0.5714906781168781,-0.15658791010563353,0.6877757441614892
RICHMOND,-0.3829992230022512,1.5817383225950021,0.6204236124722191,-0.03700633183048554,0.3724550429908545
ROBESON,-1.1884038204276788,2.1177456669097046,1.4196975285418627,-0.06418882725925183,2.358790507136168
ROCKINGHAM,-0.11287093608186596,0.40853213569186425,-0.1168292894394185,-0.4601172257941773,0.09121832444156723
ROWAN,0.3352700733237802,-0.10880334235914058,0.511862019032721,-0.4844202871589807,0.12080508290424892
RUTHERFORD,-0.7327003639489232,0.21788440298084572,-0.22904212870454277,-1.0915620186440984,0.26005321268490633
SAMPSON,-0.7846854629453792,0.27162693946403643,1.3039952789364213,0.48174363992251534,2.5603139580531673
SCOTLAND,-0.9231330536144339,2.243636709165129,0.8034975505028528,-0.3939842887566133,0.9780004236163641
STANLY,0.17737853397597664,-0.7031778191873972,-0.00329382093550257,-0.3434200694002463,-0.6427034726708941
STOKES,-0.6569753114264281,-0.8853184985405842,-0.4917868045045926,-0.45966048882235205,-0.9562227021655201
SURRY,-0.4477493661985098,-0.23664654936918522,-0.07857209367420229,-0.7017339318395315,0.8704600185498812
SWAIN,-1.2777864153204233,0.9281735227744,0.30844200723411147,-2.379793502452993,1.8676475495369718
TRANSYLVANIA,0.0009240634834950715,-0.8177762496979027,-1.4644397002235485,-0.6362799720778953,-0.38044971493068164
TYRRELL,-1.1252862184213763,0.018269292857220128,-1.2076253964977097,1.4190518103641372,0.6219121520471255
UNION,1.3717721832049807,-1.6180547418979703,1.5116909062704398,-0.49017181685162525,-0.6611078980505369
VANCE,-0.5219609677112286,1.426918705692892,0.883643577177015,0.09732119610495074,0.5910184478026932
WAKE,2.583804092212336,-1.0150583344162478,1.3673924255613328,0.3337321721572166,-0.935236851569393
WARREN,-1.601058353301949,2.1339523923802406,-0.2335126187220807,-0.2999287279648677,0.4721374132063988
WASHINGTON,-1.3639315793453601,2.4034223897514937,-1.0099694957437413,0.8371069815650397,-0.5617446565425862
WATAUGA,1.24638464636223,0.08353416953860847,-1.6577719427125657,-0.25094727245980164,-0.5796390003560872
WAYNE,0.17334476144328975,0.5988995698965929,0.9724669010460707,0.45005206116052227,1.065049352188648
WILKES,-0.6013707953613335,-0.04554237352136728,-0.6651585143822512,-1.0326279613225633,0.8061161064107196
WILSON,0.18051408191326582,1.1177368694809302,0.6205788871527351,0.2996724099656858,0.7789341895350723
YADKIN,-0.3241816434161015,-0.5768324302585672,-0.043953691611296766,-0.5686568676092711,0.7305003421775036
YANCEY,-0.6001674980855882,-0.22443745373917465,-1.1966889896421657,-1.2237968271008748,-0.04162683712176474
